CHEMBL1772930	Q20MD5	Matrix protein 2
MSLLTEVETPIRNEWGCRCNDSSDPLVVAASIIGILHLILWILDRLFFKCIYRFFEHGLKRGPSTEGVPESMREEYRKEQQSAVDADDSHFVSIEL
CHEMBL1774313	CC(N)C12CC3CC(CC1C3)C2	4.89599990845
CHEMBL1774319	Cl.C1NCC23C4C=CC5C4C6C2C=CC6C135	4.47499990463
CHEMBL1774321	Cl.C1C2C1C3C4C5C6C7CC7C5C8(CNCC368)C24	4.61999988556
CHEMBL450375	CC12CC3CC1(C)CC3(N)C2	4.76999998093
CHEMBL456513	CNCC12CC3CC(CC1C3)C2	4.76700019836
CHEMBL468166	CNC12CC3CC(CC(C3)O1)C2	4.63999986649
CHEMBL472275	NC12CC3CC(CC(C3)O1)C2	4.53499984741
CHEMBL499125	NC(=N)NCC12CC3CC(CC1C3)C2	5.61999988556
CHEMBL506460	NCC12CC3CC(CC1C3)C2	5.14900016785
CHEMBL508777	CC12CC3CC1(C)CC3(CN)C2	5.14300012589
CHEMBL660	NC12CC3CC(CC(C3)C1)C2	4.79600000381
