,dataset_name,mae,mse,n_eval,pearsonr,r2_score,std_se,test_ratio
0,1259374,9.195033358035486,293.3691894658119,285597.0,0.018378381272423867,-11.883361526457978,14839.909736134734,0.99
1,1259374,9.456345488550916,301.37236789407996,288193.0,0.0019034612433395932,-10.087629719088977,14820.31268351135,0.999
2,720504,28.154958698362485,1132.2865041530058,10748.0,-0.0035950858971668465,-4.867428628018173,1316.3809000943993,0.99
3,720504,32.65758937396275,1531.4889781852369,10846.0,0.0031622138270246186,-10.003274375528859,1607.645535053744,0.999
