name	size	msemean	msemedian	msestd	vsemean	vsemedian	vsestd	r2mean	r2median	r2std	pccmean	pccmedian	pccstd
/opt/program/datasets/mhc/HLA-DRB1*0101.txt	3484	0.013166269287467003	0.013199124485254288	0.0009242069208994508	0.05269080400466919	0.05329913645982742	0.006623516790568829	-0.026684220880270004	-0.03358006477355957	0.0731152892112732	0.1568869799375534	0.2221890538930893	0.15524455904960632
