name	size	msemean	msemedian	msestd	vsemean	vsemedian	vsestd	r2mean	r2median	r2std	pccmean	pccmedian	pccstd
/opt/program/datasets/mhc/HLA-DRB1*1101.txt	1194	0.03355815261602402	0.03360405191779137	0.002961421152576804	0.10024925321340561	0.10220921039581299	0.018639978021383286	-0.07397652417421341	-0.07822871208190918	0.09444689750671387	0.14477844536304474	0.3237312138080597	0.3008091151714325
