name	size	msemean	msemedian	msestd	vsemean	vsemedian	vsestd	r2mean	r2median	r2std	pccmean	pccmedian	pccstd
/opt/program/datasets/mhc/HLA-DRB1*0701.txt	1165	0.0157764945179224	0.0156979002058506	0.0018163840286433697	0.06188053637742996	0.06350025534629822	0.01026578526943922	0.04244759678840637	0.044120460748672485	0.10681960731744766	0.44346895813941956	0.44801872968673706	0.018961958587169647
