name	size	msemean	msemedian	msestd	vsemean	vsemedian	vsestd	r2mean	r2median	r2std	pccmean	pccmedian	pccstd
/opt/program/datasets/mhc/HLA-DRB1*0802.txt	1007	0.11659778654575348	0.09964805096387863	0.030850360170006752	0.19070574641227722	0.18701910972595215	0.024314312264323235	-0.3193212151527405	-0.12185680866241455	0.35660555958747864	0.025164509192109108	0.033393409103155136	0.056825947016477585
