name	size	msemean	msemedian	msestd	vsemean	vsemedian	vsestd	r2mean	r2median	r2std	pccmean	pccmedian	pccstd
/opt/program/datasets/mhc/HLA-DRB1*0901.txt	1032	0.03635875880718231	0.03600414842367172	0.0008162773447111249	0.12809191644191742	0.1304934322834015	0.00905725359916687	0.07396221905946732	0.08342817425727844	0.02319050393998623	0.3269343972206116	0.32770323753356934	0.004201341886073351
