name	size	msemean	msemedian	msestd	vsemean	vsemedian	vsestd	r2mean	r2median	r2std	pccmean	pccmedian	pccstd
/opt/program/datasets/mhc/HLA-DRB1*0301.txt	1106	0.10130918025970459	0.10065504908561707	0.009788325056433678	0.17386308312416077	0.1761493980884552	0.027056826278567314	0.03936301916837692	0.04579076170921326	0.09378080815076828	0.38912326097488403	0.4178842306137085	0.07045739144086838
