name	size	msemean	msemedian	msestd	vsemean	vsemedian	vsestd	r2mean	r2median	r2std	pccmean	pccmedian	pccstd
/opt/program/datasets/mhc/HLA-DRB3*0101.txt	977	0.06253959238529205	0.06013250723481178	0.006783629767596722	0.0985390692949295	0.10201278328895569	0.02776491455733776	-0.04487660899758339	-0.004237055778503418	0.11327576637268066	0.23272296786308289	0.3386988639831543	0.20151951909065247
