name	size	msemean	msemedian	msestd	vsemean	vsemedian	vsestd	r2mean	r2median	r2std	pccmean	pccmedian	pccstd
/opt/program/datasets/mhc/HLA-DRB1*0401.txt	1191	0.034945663064718246	0.03404317796230316	0.003492927411571145	0.10494007170200348	0.1037021279335022	0.014374473132193089	0.003305694554001093	0.03300195932388306	0.10377901047468185	0.31496840715408325	0.32757991552352905	0.08983715623617172
