name	size	msemean	msemedian	msestd	vsemean	vsemedian	vsestd	r2mean	r2median	r2std	pccmean	pccmedian	pccstd
/opt/program/datasets/mhc/HLA-DRB1*0301.txt	1131	0.1250118762254715	0.12067140638828278	0.028993111103773117	0.1957625448703766	0.1892225295305252	0.07037531584501266	-0.1823362112045288	-0.1443425416946411	0.275329053401947	0.11509372293949127	0.3088017702102661	0.2982800304889679
