name	size	msemean	msemedian	msestd	vsemean	vsemedian	vsestd	r2mean	r2median	r2std	pccmean	pccmedian	pccstd
/opt/program/datasets/mhc/HLA-DRB1*0701.txt	1165	0.016371825709939003	0.016728932037949562	0.0017411250155419111	0.06467779725790024	0.0681535080075264	0.008884879760444164	0.00626902561634779	-0.011373162269592285	0.10266021639108658	0.36270469427108765	0.3986043632030487	0.15961480140686035
