name	size	msemean	msemedian	msestd	vsemean	vsemedian	vsestd	r2mean	r2median	r2std	pccmean	pccmedian	pccstd
/opt/program/datasets/mhc/HLA-DRB1*0101.txt	3499	0.014686807990074158	0.014110017567873001	0.0021623321808874607	0.0560339093208313	0.05936356261372566	0.008619427680969238	-0.14595727622509003	-0.10121011734008789	0.1707451194524765	0.05412556603550911	0.097983717918396	0.212627112865448
