name	size	msemean	msemedian	msestd	vsemean	vsemedian	vsestd	r2mean	r2median	r2std	pccmean	pccmedian	pccstd
/opt/program/datasets/mhc/HLA-DRB1*0401.txt	1191	0.033790700137615204	0.033275000751018524	0.002678931225091219	0.10959772020578384	0.10938778519630432	0.01622326299548149	0.036965347826480865	0.057037144899368286	0.07196866720914841	0.27619725465774536	0.33813273906707764	0.16155758500099182
