name	size	msemean	msemedian	msestd	vsemean	vsemedian	vsestd	r2mean	r2median	r2std	pccmean	pccmedian	pccstd
/opt/program/datasets/mhc/HLA-DRB1*0301.txt	1126	0.1319318264722824	0.12941615283489227	0.023413410410284996	0.2219434529542923	0.2265617847442627	0.03537951409816742	-0.2486143410205841	-0.2218274474143982	0.22436195611953735	0.07353083789348602	0.09746204316616058	0.20159249007701874
