name	size	msemean	msemedian	msestd	vsemean	vsemedian	vsestd	r2mean	r2median	r2std	pccmean	pccmedian	pccstd
/opt/program/datasets/mhc/HLA-DRB1*0405.txt	1039	0.026525456458330154	0.02452678233385086	0.005440732929855585	0.0766574963927269	0.07882504910230637	0.010028376244008541	-0.18659773468971252	-0.09386986494064331	0.2516639232635498	0.059456922113895416	0.04240408539772034	0.06616869568824768
