name	size	msemean	msemedian	msestd	vsemean	vsemedian	vsestd	r2mean	r2median	r2std	pccmean	pccmedian	pccstd
/opt/program/datasets/mhc/HLA-DRB4*0101.txt	1001	0.06788213551044464	0.06702397763729095	0.01221157144755125	0.1722458302974701	0.1685086190700531	0.045859500765800476	-0.10551879554986954	-0.0873294472694397	0.2028817981481552	0.2638375759124756	0.3839302062988281	0.27511873841285706
