name	size	msemean	msemedian	msestd	vsemean	vsemedian	vsestd	r2mean	r2median	r2std	pccmean	pccmedian	pccstd
/opt/program/datasets/mhc/HLA-DRB1*1302.txt	1060	0.10422877967357635	0.10036805272102356	0.010977271944284439	0.20567277073860168	0.1991252452135086	0.0358739048242569	-0.15191328525543213	-0.10952389240264893	0.1227843165397644	0.027445441111922264	0.01793767884373665	0.04230210930109024
