name	size	msemean	msemedian	msestd	vsemean	vsemedian	vsestd	r2mean	r2median	r2std	pccmean	pccmedian	pccstd
/opt/program/datasets/mhc/HLA-DRB1*1101.txt	1194	0.040008001029491425	0.03675825148820877	0.007874760776758194	0.09719181805849075	0.08979754149913788	0.01640263758599758	-0.28174811601638794	-0.16998785734176636	0.26013126969337463	0.006383846048265696	0.010739683173596859	0.049968041479587555
