name	size	msemean	msemedian	msestd	vsemean	vsemedian	vsestd	r2mean	r2median	r2std	pccmean	pccmedian	pccstd
/opt/program/datasets/mhc/HLA-DRB1*0101.txt	3499	0.014271159656345844	0.014045373536646366	0.0013808986404910684	0.05919933319091797	0.06076700985431671	0.004989762790501118	-0.11343677341938019	-0.09460806846618652	0.10972590744495392	0.024608034640550613	0.026579465717077255	0.20012114942073822
