name	size	msemean	msemedian	msestd	vsemean	vsemedian	vsestd	r2mean	r2median	r2std	pccmean	pccmedian	pccstd
/opt/program/datasets/mhc/HLA-DRB1*0301.txt	1096	0.09437815099954605	0.09289388358592987	0.007627007085829973	0.1561206579208374	0.1519199013710022	0.026281755417585373	0.10465481132268906	0.1215583086013794	0.07110027968883514	0.3886842727661133	0.40363049507141113	0.056306324899196625
