name	size	msemean	msemedian	msestd	vsemean	vsemedian	vsestd	r2mean	r2median	r2std	pccmean	pccmedian	pccstd
/opt/program/datasets/mhc/HLA-DRB1*0401.txt	1211	0.03794127702713013	0.037212029099464417	0.005050454288721085	0.12466732412576675	0.129654660820961	0.0155764389783144	-0.07981332391500473	-0.05541634559631348	0.14557334780693054	0.10414811223745346	0.2674073576927185	0.2848864495754242
