name	size	msemean	msemedian	msestd	vsemean	vsemedian	vsestd	r2mean	r2median	r2std	pccmean	pccmedian	pccstd
/opt/program/datasets/mhc/HLA-DRB1*0404.txt	464	0.034915123134851456	0.035178449004888535	0.0043042623437941074	0.1234378069639206	0.1246696412563324	0.025066206231713295	0.005793747492134571	0.016520828008651733	0.11289750039577484	0.3839276432991028	0.40534651279449463	0.044062305241823196
