name	size	msemean	msemedian	msestd	vsemean	vsemedian	vsestd	r2mean	r2median	r2std	pccmean	pccmedian	pccstd
/opt/program/datasets/mhc/HLA-DRB1*0101.txt	3484	0.01354162860661745	0.01326349563896656	0.0013437557499855757	0.05473153665661812	0.0565139502286911	0.005885739345103502	-0.0559784360229969	-0.03329586982727051	0.10602027177810669	0.1391606628894806	0.20852957665920258	0.16249121725559235
