name	size	msemean	msemedian	msestd	vsemean	vsemedian	vsestd	r2mean	r2median	r2std	pccmean	pccmedian	pccstd
/opt/program/datasets/mhc/HLA-DRB3*0101.txt	977	0.05751625448465347	0.05563054233789444	0.0069043864496052265	0.10490479320287704	0.09958823025226593	0.019241003319621086	0.03926253318786621	0.06736481189727783	0.11303645372390747	0.3460841774940491	0.35582154989242554	0.029451820999383926
