name	size	msemean	msemedian	msestd	vsemean	vsemedian	vsestd	r2mean	r2median	r2std	pccmean	pccmedian	pccstd
/opt/program/datasets/mhc/HLA-DRB1*0301.txt	1106	0.11086304485797882	0.10787108540534973	0.015992017462849617	0.18198801577091217	0.18011543154716492	0.04545561596751213	-0.05103898048400879	-0.028318822383880615	0.1510452926158905	0.24616460502147675	0.3469659090042114	0.19117453694343567
