name	size	msemean	msemedian	msestd	vsemean	vsemedian	vsestd	r2mean	r2median	r2std	pccmean	pccmedian	pccstd
/opt/program/datasets/mhc/HLA-DRB1*0101.txt	3494	0.013419081456959248	0.013040210120379925	0.0015935944393277168	0.05038319155573845	0.05197855457663536	0.009107019752264023	-0.04760242626070976	-0.015246391296386719	0.12648755311965942	0.28738197684288025	0.30955374240875244	0.054299674928188324
