name	size	msemean	msemedian	msestd	vsemean	vsemedian	vsestd	r2mean	r2median	r2std	pccmean	pccmedian	pccstd
/opt/program/datasets/mhc/HLA-DRB1*0404.txt	464	0.037413984537124634	0.03682420402765274	0.004819334484636784	0.12402744591236115	0.129196435213089	0.02495351992547512	-0.06736813485622406	-0.04097342491149902	0.1448042392730713	0.23798850178718567	0.30717867612838745	0.20433993637561798
