name	size	msemean	msemedian	msestd	vsemean	vsemedian	vsestd	r2mean	r2median	r2std	pccmean	pccmedian	pccstd
/opt/program/datasets/mhc/HLA-DRB1*0401.txt	1201	0.036313604563474655	0.034321218729019165	0.006327784154564142	0.1123446375131607	0.1074179857969284	0.019045451655983925	-0.03468535840511322	0.01627984642982483	0.18654018640518188	0.2897786796092987	0.3346203863620758	0.14202557504177094
