name	size	msemean	msemedian	msestd	vsemean	vsemedian	vsestd	r2mean	r2median	r2std	pccmean	pccmedian	pccstd
/opt/program/datasets/mhc/HLA-DRB1*0301.txt	1126	0.10027693212032318	0.09028464555740356	0.019511986523866653	0.19499754905700684	0.17364028096199036	0.044974591583013535	0.05167531967163086	0.1465129554271698	0.18191780149936676	0.43484288454055786	0.4396072030067444	0.024445248767733574
