name	size	msemean	msemedian	msestd	vsemean	vsemedian	vsestd	r2mean	r2median	r2std	pccmean	pccmedian	pccstd
/opt/program/datasets/mhc/HLA-DRB1*0401.txt	1211	0.0388285294175148	0.037860207259655	0.00531080923974514	0.13105414807796478	0.1337398737668991	0.014822850003838539	-0.10490696132183075	-0.07356715202331543	0.1518232375383377	0.20160040259361267	0.21958142518997192	0.14336749911308289
