name	size	msemean	msemedian	msestd	vsemean	vsemedian	vsestd	r2mean	r2median	r2std	pccmean	pccmedian	pccstd
/opt/program/datasets/mhc/HLA-DRB1*0101.txt	3484	0.013178976252675056	0.013029436580836773	0.0011482242261990905	0.05094451829791069	0.050514768809080124	0.007370641455054283	-0.02773161232471466	-0.016106069087982178	0.09120333939790726	0.2022918164730072	0.23943597078323364	0.13015218079090118
