name	size	msemean	msemedian	msestd	vsemean	vsemedian	vsestd	r2mean	r2median	r2std	pccmean	pccmedian	pccstd
/opt/program/datasets/mhc/HLA-DRB1*1501.txt	1161	0.01693730801343918	0.016961200162768364	0.0016171601600944996	0.058091193437576294	0.060862552374601364	0.009017090313136578	-0.059616971760988235	-0.06003826856613159	0.09767267853021622	0.18484435975551605	0.12416179478168488	0.1515204757452011
