name	size	msemean	msemedian	msestd	vsemean	vsemedian	vsestd	r2mean	r2median	r2std	pccmean	pccmedian	pccstd
/opt/program/datasets/mhc/HLA-DRB1*0401.txt	1201	0.0352666899561882	0.03508608788251877	0.002357916906476021	0.11763668060302734	0.11649320274591446	0.01438984740525484	-0.003933644387871027	-0.004410922527313232	0.06624574959278107	0.2786612808704376	0.34765955805778503	0.1893938183784485
