name	size	msemean	msemedian	msestd	vsemean	vsemedian	vsestd	r2mean	r2median	r2std	pccmean	pccmedian	pccstd
/opt/program/datasets/mhc/HLA-DRB1*0101.txt	3484	0.013313254341483116	0.01321852020919323	0.0010130545124411583	0.052286773920059204	0.05233253538608551	0.007153704296797514	-0.03816009312868118	-0.029788851737976074	0.08018921315670013	0.13931810855865479	0.2323346883058548	0.16497929394245148
