name	size	msemean	msemedian	msestd	vsemean	vsemedian	vsestd	r2mean	r2median	r2std	pccmean	pccmedian	pccstd
/opt/program/datasets/mhc/HLA-DRB1*0901.txt	1032	0.03945932537317276	0.038379423320293427	0.002762177959084511	0.14270733296871185	0.1429615318775177	0.014142693020403385	-0.00491663534194231	0.02045673131942749	0.06990128755569458	0.24746191501617432	0.26202577352523804	0.039219073951244354
