name	size	msemean	msemedian	msestd	vsemean	vsemedian	vsestd	r2mean	r2median	r2std	pccmean	pccmedian	pccstd
/opt/program/datasets/mhc/HLA-DRB1*0901.txt	1032	0.040958743542432785	0.04093572869896889	0.0029212883673608303	0.14199382066726685	0.1413998007774353	0.01515976432710886	-0.043391451239585876	-0.04114812612533569	0.07820834964513779	0.14852388203144073	0.22904463112354279	0.1807330995798111
