name	size	msemean	msemedian	msestd	vsemean	vsemedian	vsestd	r2mean	r2median	r2std	pccmean	pccmedian	pccstd
/opt/program/datasets/mhc/HLA-DRB4*0101.txt	1001	0.06028126925230026	0.060184381902217865	0.013140101917088032	0.14526119828224182	0.12861154973506927	0.04490276798605919	0.018100980669260025	0.023899108171463013	0.21852846443653107	0.41111379861831665	0.4617984890937805	0.11954893171787262
