name	size	msemean	msemedian	msestd	vsemean	vsemedian	vsestd	r2mean	r2median	r2std	pccmean	pccmedian	pccstd
/opt/program/datasets/mhc/HLA-DRB4*0101.txt	1001	0.077437624335289	0.07030212879180908	0.019942646846175194	0.1702711284160614	0.15815961360931396	0.03107261471450329	-0.26308757066726685	-0.1370244026184082	0.3391021192073822	0.07687272131443024	0.0628986656665802	0.0655614584684372
