name	size	msemean	msemedian	msestd	vsemean	vsemedian	vsestd	r2mean	r2median	r2std	pccmean	pccmedian	pccstd
/opt/program/datasets/mhc/HLA-DRB1*0405.txt	1039	0.022367283701896667	0.022433239966630936	0.002064863685518503	0.07408900558948517	0.07872581481933594	0.012835140340030193	0.000994902802631259	-0.007229864597320557	0.08748995512723923	0.4045371413230896	0.4234413504600525	0.04746441915631294
