name	size	msemean	msemedian	msestd	vsemean	vsemedian	vsestd	r2mean	r2median	r2std	pccmean	pccmedian	pccstd
/opt/program/datasets/mhc/HLA-DRB1*0301.txt	1116	0.10183099657297134	0.1000976711511612	0.008596465922892094	0.17293745279312134	0.175850048661232	0.034280166029930115	0.0357915423810482	0.052206069231033325	0.08069855719804764	0.2865678668022156	0.39656785130500793	0.17365704476833344
