name	size	msemean	msemedian	msestd	vsemean	vsemedian	vsestd	r2mean	r2median	r2std	pccmean	pccmedian	pccstd
/opt/program/datasets/mhc/HLA-DRB1*0101.txt	3494	0.01380917988717556	0.013072144240140915	0.0019443373894318938	0.054256994277238846	0.05554421618580818	0.0077946982346475124	-0.07800275087356567	-0.01873195171356201	0.1534763127565384	0.08043952286243439	0.00749428104609251	0.1026141420006752
