name	size	msemean	msemedian	msestd	vsemean	vsemedian	vsestd	r2mean	r2median	r2std	pccmean	pccmedian	pccstd
/opt/program/datasets/mhc/HLA-DRB1*1302.txt	1060	0.10274871438741684	0.10171104967594147	0.011673137545585632	0.21676118671894073	0.2173319309949875	0.03209942579269409	-0.13558541238307953	-0.11972534656524658	0.13050994277000427	0.14525364339351654	0.24501989781856537	0.22652316093444824
