name	size	msemean	msemedian	msestd	vsemean	vsemedian	vsestd	r2mean	r2median	r2std	pccmean	pccmedian	pccstd
/opt/program/datasets/mhc/HLA-DRB1*0301.txt	1116	0.10235254466533661	0.09850248694419861	0.009639855474233627	0.1686985045671463	0.16467714309692383	0.03407572954893112	0.030903661623597145	0.06474065780639648	0.09020045399665833	0.2779962122440338	0.3226613700389862	0.11359082907438278
