name	size	msemean	msemedian	msestd	vsemean	vsemedian	vsestd	r2mean	r2median	r2std	pccmean	pccmedian	pccstd
/opt/program/datasets/mhc/HLA-DRB1*0405.txt	1039	0.024474937468767166	0.023907607421278954	0.003986799623817205	0.07689188420772552	0.08191950619220734	0.012162690982222557	-0.09427902102470398	-0.06575578451156616	0.1834459751844406	0.11820138990879059	0.15156713128089905	0.2662868797779083
