name	size	msemean	msemedian	msestd	vsemean	vsemedian	vsestd	r2mean	r2median	r2std	pccmean	pccmedian	pccstd
/opt/program/datasets/mhc/HLA-DRB1*0101.txt	3454	0.013678362593054771	0.013490704819560051	0.0011020847596228123	0.04972941428422928	0.048949554562568665	0.006173423491418362	-0.06548965722322464	-0.04651796817779541	0.09000199288129807	0.2241448611021042	0.2493910789489746	0.1092412993311882
