name	size	msemean	msemedian	msestd	vsemean	vsemedian	vsestd	r2mean	r2median	r2std	pccmean	pccmedian	pccstd
/opt/program/datasets/mhc/HLA-DRB1*0101.txt	3494	0.013687869533896446	0.013715583831071854	0.0016266009770333767	0.05013470724225044	0.051087506115436554	0.00959688425064087	-0.0685671716928482	-0.06964105367660522	0.12888401746749878	0.15879563987255096	0.27425187826156616	0.19906975328922272
