name	size	msemean	msemedian	msestd	vsemean	vsemedian	vsestd	r2mean	r2median	r2std	pccmean	pccmedian	pccstd
/opt/program/datasets/mhc/HLA-DRB1*0701.txt	1165	0.0157516747713089	0.015263251028954983	0.0018914269749075174	0.06276661902666092	0.06423516571521759	0.009777809493243694	0.04403318092226982	0.0669136643409729	0.11083812266588211	0.44521889090538025	0.45126330852508545	0.020105009898543358
