name	size	msemean	msemedian	msestd	vsemean	vsemedian	vsestd	r2mean	r2median	r2std	pccmean	pccmedian	pccstd
/opt/program/datasets/mhc/HLA-DRB1*0802.txt	1007	0.0965239629149437	0.09437946230173111	0.00900496356189251	0.1725604087114334	0.1726243644952774	0.047002628445625305	-0.09115888178348541	-0.06433695554733276	0.10601470619440079	0.143663227558136	0.19677592813968658	0.15127962827682495
