name	size	msemean	msemedian	msestd	vsemean	vsemedian	vsestd	r2mean	r2median	r2std	pccmean	pccmedian	pccstd
/opt/program/datasets/mhc/HLA-DRB1*0701.txt	1165	0.014971005730330944	0.014471057802438736	0.001383924507535994	0.04365668445825577	0.04402507469058037	0.0021052323281764984	0.09071970731019974	0.12563368678092957	0.08725138008594513	0.4837195873260498	0.483639121055603	0.0025026502553373575
