name	size	msemean	msemedian	msestd	vsemean	vsemedian	vsestd	r2mean	r2median	r2std	pccmean	pccmedian	pccstd
/opt/program/datasets/mhc/HLA-DRB1*0301.txt	1131	0.1152944564819336	0.10581039637327194	0.023553889244794846	0.2078513652086258	0.19061772525310516	0.05800333246588707	-0.09025058150291443	-0.002013951539993286	0.2224024385213852	0.39387306571006775	0.4145592153072357	0.0478590726852417
