name	size	msemean	msemedian	msestd	vsemean	vsemedian	vsestd	r2mean	r2median	r2std	pccmean	pccmedian	pccstd
/opt/program/datasets/mhc/HLA-DRB1*0401.txt	1216	0.047100991010665894	0.040837325155735016	0.020045775920152664	0.13967140018939972	0.14470800757408142	0.013933313079178333	-0.3445494472980499	-0.16166174411773682	0.5801858901977539	-0.03227153792977333	0.013899818062782288	0.2653807997703552
