name	size	msemean	msemedian	msestd	vsemean	vsemedian	vsestd	r2mean	r2median	r2std	pccmean	pccmedian	pccstd
/opt/program/datasets/mhc/HLA-DRB1*1101.txt	1194	0.023633524775505066	0.02355053648352623	0.00038085036794655025	0.07060910016298294	0.07087018340826035	0.005031892564147711	0.24356189370155334	0.24643054604530334	0.015035728923976421	0.5112923383712769	0.5112475156784058	0.0028652444016188383
