name	size	msemean	msemedian	msestd	vsemean	vsemedian	vsestd	r2mean	r2median	r2std	pccmean	pccmedian	pccstd
/opt/program/datasets/mhc/HLA-DRB1*0301.txt	1106	0.09992644190788269	0.09767192602157593	0.010808722116053104	0.16978958249092102	0.16432049870491028	0.029821306467056274	0.052651725709438324	0.07324305176734924	0.10163666307926178	0.29790371656417847	0.3633359372615814	0.15779803693294525
