name	size	msemean	msemedian	msestd	vsemean	vsemedian	vsestd	r2mean	r2median	r2std	pccmean	pccmedian	pccstd
/opt/program/datasets/mhc/HLA-DRB1*0401.txt	1201	0.034495677798986435	0.033916957676410675	0.0029940707609057426	0.11469841003417969	0.11334924399852753	0.01641232520341873	0.018145104870200157	0.028516054153442383	0.08281274139881134	0.2517690658569336	0.34406280517578125	0.1918199062347412
