name	size	msemean	msemedian	msestd	vsemean	vsemedian	vsestd	r2mean	r2median	r2std	pccmean	pccmedian	pccstd
/opt/program/datasets/mhc/HLA-DRB1*0101.txt	3494	0.013605701737105846	0.013470174744725227	0.000942516780924052	0.05564494803547859	0.0577704980969429	0.006776322610676289	-0.062009941786527634	-0.05317455530166626	0.07428987324237823	0.14515992999076843	0.11876091361045837	0.05342632159590721
