name	size	msemean	msemedian	msestd	vsemean	vsemedian	vsestd	r2mean	r2median	r2std	pccmean	pccmedian	pccstd
/opt/program/datasets/mhc/HLA-DRB1*0301.txt	1086	0.09753423184156418	0.09220048785209656	0.010101929306983948	0.1624600738286972	0.15728886425495148	0.03099108301103115	0.07542325556278229	0.12987974286079407	0.09495917707681656	0.3516857326030731	0.3867560029029846	0.08338563144207001
