name	size	msemean	msemedian	msestd	vsemean	vsemedian	vsestd	r2mean	r2median	r2std	pccmean	pccmedian	pccstd
/opt/program/datasets/mhc/HLA-DRB1*0701.txt	1165	0.01757979393005371	0.018151121214032173	0.0015782630071043968	0.06773817539215088	0.07107280194759369	0.008650772273540497	-0.06753601133823395	-0.09665590524673462	0.09717550128698349	0.3002628684043884	0.23024412989616394	0.09207760542631149
