name	size	msemean	msemedian	msestd	vsemean	vsemedian	vsestd	r2mean	r2median	r2std	pccmean	pccmedian	pccstd
/opt/program/datasets/mhc/HLA-DRB1*0301.txt	1106	0.09569165855646133	0.09373998641967773	0.00786301214247942	0.1605229377746582	0.15404996275901794	0.031189603731036186	0.09291917085647583	0.10876926779747009	0.07143464684486389	0.362490713596344	0.3986544907093048	0.0782012939453125
