name	size	msemean	msemedian	msestd	vsemean	vsemedian	vsestd	r2mean	r2median	r2std	pccmean	pccmedian	pccstd
/opt/program/datasets/mhc/HLA-DRB1*0101.txt	3464	0.013281425461173058	0.013071134686470032	0.001055271364748478	0.04993420094251633	0.04999736323952675	0.005387861747294664	-0.036108266562223434	-0.015986204147338867	0.08582314103841782	0.20865511894226074	0.22370034456253052	0.0834696814417839
