name	size	msemean	msemedian	msestd	vsemean	vsemedian	vsestd	r2mean	r2median	r2std	pccmean	pccmedian	pccstd
/opt/program/datasets/mhc/HLA-DRB1*0101.txt	3474	0.012908612377941608	0.012742307037115097	0.0010964685352519155	0.05284609645605087	0.053042009472846985	0.00487089529633522	-0.007354003377258778	0.006914585828781128	0.08918343484401703	0.23343059420585632	0.28054559230804443	0.13156339526176453
