name	size	msemean	msemedian	msestd	vsemean	vsemedian	vsestd	r2mean	r2median	r2std	pccmean	pccmedian	pccstd
/opt/program/datasets/mhc/HLA-DRB1*0301.txt	1126	0.12029458582401276	0.11091415584087372	0.025041980668902397	0.21027293801307678	0.19855158030986786	0.041939809918403625	-0.13804073631763458	-0.04900246858596802	0.23664774000644684	0.1742887794971466	0.2363685965538025	0.23774603009223938
