name	size	msemean	msemedian	msestd	vsemean	vsemedian	vsestd	r2mean	r2median	r2std	pccmean	pccmedian	pccstd
/opt/program/datasets/mhc/HLA-DRB1*0901.txt	1032	0.03972321376204491	0.038561590015888214	0.002993473084643483	0.1445319950580597	0.14492875337600708	0.014064818620681763	-0.011642849072813988	0.022583484649658203	0.07597926259040833	0.25063633918762207	0.2685655653476715	0.047328680753707886
