name	size	msemean	msemedian	msestd	vsemean	vsemedian	vsestd	r2mean	r2median	r2std	pccmean	pccmedian	pccstd
/opt/program/datasets/mhc/HLA-DRB1*1501.txt	1161	0.016761666163802147	0.016366954892873764	0.001953126396983862	0.05548624321818352	0.05624016374349594	0.008936257101595402	-0.048870474100112915	-0.019378244876861572	0.1216849833726883	0.23460647463798523	0.33653831481933594	0.258233904838562
