name	size	msemean	msemedian	msestd	vsemean	vsemedian	vsestd	r2mean	r2median	r2std	pccmean	pccmedian	pccstd
/opt/program/datasets/mhc/HLA-DRB1*1302.txt	1060	0.09427891671657562	0.08968658745288849	0.013089961372315884	0.20013228058815002	0.19875188171863556	0.038724400103092194	-0.04182472079992294	0.009357154369354248	0.14471758902072906	0.22286829352378845	0.3262324333190918	0.2267361581325531
