name	size	msemean	msemedian	msestd	vsemean	vsemedian	vsestd	r2mean	r2median	r2std	pccmean	pccmedian	pccstd
/opt/program/datasets/mhc/HLA-DRB1*0401.txt	1216	0.041978009045124054	0.0405091717839241	0.007586075458675623	0.12637922167778015	0.1333175003528595	0.023336606100201607	-0.1976252794265747	-0.15410977602005005	0.22216972708702087	0.10686677694320679	0.3197918236255646	0.299469530582428
