name	size	msemean	msemedian	msestd	vsemean	vsemedian	vsestd	r2mean	r2median	r2std	pccmean	pccmedian	pccstd
/opt/program/datasets/mhc/HLA-DRB1*0301.txt	1086	0.09282709658145905	0.08905553817749023	0.008188520558178425	0.1613965779542923	0.15799537301063538	0.026202276349067688	0.12018903344869614	0.15572679042816162	0.07477112114429474	0.38557252287864685	0.42278027534484863	0.08938563615083694
