name	size	msemean	msemedian	msestd	vsemean	vsemedian	vsestd	r2mean	r2median	r2std	pccmean	pccmedian	pccstd
/opt/program/datasets/mhc/HLA-DRB1*1101.txt	1194	0.03021034225821495	0.029565295204520226	0.003527475520968437	0.09557296335697174	0.09342504292726517	0.01701594516634941	0.03361472487449646	0.05321058630943298	0.10832281410694122	0.3619235157966614	0.3990647792816162	0.08725876361131668
