name	size	msemean	msemedian	msestd	vsemean	vsemedian	vsestd	r2mean	r2median	r2std	pccmean	pccmedian	pccstd
/opt/program/datasets/mhc/HLA-DRB1*0401.txt	1211	0.02783559262752533	0.027926959097385406	0.0006255502230487764	0.09131176769733429	0.09133508801460266	0.007562736980617046	0.20788761973381042	0.2082468569278717	0.01941152662038803	0.4820314347743988	0.4818437099456787	0.002240748843178153
