name	size	msemean	msemedian	msestd	vsemean	vsemedian	vsestd	r2mean	r2median	r2std	pccmean	pccmedian	pccstd
/opt/program/datasets/mhc/HLA-DRB1*0802.txt	1007	0.08465521782636642	0.08126702159643173	0.008745389990508556	0.1768404245376587	0.17081475257873535	0.03265346959233284	0.043453387916088104	0.07926839590072632	0.09762456268072128	0.35071009397506714	0.36344438791275024	0.03540096431970596
