name	size	msemean	msemedian	msestd	vsemean	vsemedian	vsestd	r2mean	r2median	r2std	pccmean	pccmedian	pccstd
/opt/program/datasets/mhc/HLA-DRB1*0101.txt	3464	0.014072075486183167	0.01358908973634243	0.0019156860653311014	0.04984935373067856	0.04875108599662781	0.006310549098998308	-0.09822434186935425	-0.05405324697494507	0.15563154220581055	0.22181370854377747	0.2908681631088257	0.11590149998664856
