name	size	msemean	msemedian	msestd	vsemean	vsemedian	vsestd	r2mean	r2median	r2std	pccmean	pccmedian	pccstd
/opt/program/datasets/mhc/HLA-DRB1*0101.txt	3494	0.014040544629096985	0.013750875368714333	0.00177960901055485	0.05479781702160835	0.05584733933210373	0.00663260743021965	-0.09599373489618301	-0.07230466604232788	0.13983282446861267	0.07110410183668137	0.14291775226593018	0.1807597279548645
