name	size	msemean	msemedian	msestd	vsemean	vsemedian	vsestd	r2mean	r2median	r2std	pccmean	pccmedian	pccstd
/opt/program/datasets/mhc/HLA-DRB5*0101.txt	1188	0.045697782188653946	0.045042041689157486	0.00492986012250185	0.14348506927490234	0.1466863453388214	0.016009621322155	-0.0727221816778183	-0.05387622117996216	0.12002912163734436	0.15250298380851746	0.20328891277313232	0.19403328001499176
