name	size	msemean	msemedian	msestd	vsemean	vsemedian	vsestd	r2mean	r2median	r2std	pccmean	pccmedian	pccstd
/opt/program/datasets/mhc/HLA-DRB1*0301.txt	1126	0.10490778833627701	0.09787699580192566	0.01722816191613674	0.18044213950634003	0.17536194622516632	0.0544082336127758	0.007732805795967579	0.07566007971763611	0.16081702709197998	0.2875533699989319	0.41166776418685913	0.2518874704837799
