name	size	msemean	msemedian	msestd	vsemean	vsemedian	vsestd	r2mean	r2median	r2std	pccmean	pccmedian	pccstd
/opt/program/datasets/mhc/HLA-DRB1*0101.txt	3494	0.015019305050373077	0.014352154918015003	0.0019680180121213198	0.037863995879888535	0.038059987127780914	0.001293830224312842	-0.17255070805549622	-0.11905056238174438	0.15599414706230164	0.358192503452301	0.35839349031448364	0.0012186008971184492
