name	size	msemean	msemedian	msestd	vsemean	vsemedian	vsestd	r2mean	r2median	r2std	pccmean	pccmedian	pccstd
/opt/program/datasets/mhc/HLA-DRB1*0404.txt	464	0.04506843909621239	0.04030391946434975	0.011603136546909809	0.12938320636749268	0.13244062662124634	0.020488908514380455	-0.2909000813961029	-0.12535858154296875	0.36154866218566895	0.024759579449892044	0.02778354287147522	0.051766883581876755
