name	size	msemean	msemedian	msestd	vsemean	vsemedian	vsestd	r2mean	r2median	r2std	pccmean	pccmedian	pccstd
/opt/program/datasets/mhc/HLA-DRB1*0301.txt	1106	0.10101644694805145	0.10083448141813278	0.008863051421940327	0.1648145467042923	0.1546352207660675	0.036049336194992065	0.04242004081606865	0.04170447587966919	0.0811813473701477	0.3359141945838928	0.36827385425567627	0.10962963104248047
