name	size	msemean	msemedian	msestd	vsemean	vsemedian	vsestd	r2mean	r2median	r2std	pccmean	pccmedian	pccstd
/opt/program/datasets/mhc/HLA-DRB1*0101.txt	3464	0.013630406931042671	0.012934951111674309	0.0021432172507047653	0.05231647938489914	0.0537477508187294	0.005801979452371597	-0.06354460120201111	-0.008256316184997559	0.17094451189041138	0.19121725857257843	0.25273123383522034	0.1353374868631363
