name	size	msemean	msemedian	msestd	vsemean	vsemedian	vsestd	r2mean	r2median	r2std	pccmean	pccmedian	pccstd
/opt/program/datasets/mhc/HLA-DRB1*1302.txt	1060	0.08754713833332062	0.08321458101272583	0.011419047601521015	0.20166826248168945	0.19322040677070618	0.033508267253637314	0.03278418630361557	0.08124160766601562	0.12405606359243393	0.37642356753349304	0.39516282081604004	0.05652129650115967
