name	size	msemean	msemedian	msestd	vsemean	vsemedian	vsestd	r2mean	r2median	r2std	pccmean	pccmedian	pccstd
/opt/program/datasets/mhc/HLA-DRB1*0301.txt	1096	0.09577887505292892	0.09365396946668625	0.007967817597091198	0.16276060044765472	0.15710201859474182	0.0257138442248106	0.09131784737110138	0.1047842800617218	0.0750323012471199	0.3492790460586548	0.3909784257411957	0.09097820520401001
