name	size	msemean	msemedian	msestd	vsemean	vsemedian	vsestd	r2mean	r2median	r2std	pccmean	pccmedian	pccstd
/opt/program/datasets/mhc/HLA-DRB1*0405.txt	1039	0.02277025580406189	0.023367390036582947	0.0026955511420965195	0.07959215342998505	0.08310566842556	0.010171843692660332	-0.016497110947966576	-0.037973105907440186	0.11287298798561096	0.39437007904052734	0.4028545022010803	0.053704023361206055
