name	size	msemean	msemedian	msestd	vsemean	vsemedian	vsestd	r2mean	r2median	r2std	pccmean	pccmedian	pccstd
/opt/program/datasets/mhc/HLA-DRB1*0401.txt	1201	0.035609327256679535	0.0354694128036499	0.0031730812042951584	0.11380743980407715	0.11326968669891357	0.015877023339271545	-0.01410418190062046	-0.005418956279754639	0.09449898451566696	0.22687342762947083	0.2974052131175995	0.165309339761734
