name	size	msemean	msemedian	msestd	vsemean	vsemedian	vsestd	r2mean	r2median	r2std	pccmean	pccmedian	pccstd
/opt/program/datasets/mhc/HLA-DRB1*1101.txt	1194	0.029891362413764	0.027761083096265793	0.0038445896934717894	0.09534414112567902	0.09139299392700195	0.017907382920384407	0.04393399506807327	0.10331910848617554	0.11793109774589539	0.38909482955932617	0.4000815153121948	0.050118472427129745
