name	size	msemean	msemedian	msestd	vsemean	vsemedian	vsestd	r2mean	r2median	r2std	pccmean	pccmedian	pccstd
/opt/program/datasets/mhc/HLA-DRB5*0101.txt	1188	0.04211323708295822	0.04197855666279793	0.003055212087929249	0.1395266354084015	0.1435597538948059	0.017038334161043167	0.012023577466607094	0.01684287190437317	0.06818356364965439	0.3568379580974579	0.36222386360168457	0.016384202986955643
