name	size	msemean	msemedian	msestd	vsemean	vsemedian	vsestd	r2mean	r2median	r2std	pccmean	pccmedian	pccstd
/opt/program/datasets/mhc/HLA-DRB1*0301.txt	1126	0.11169798672199249	0.10749118030071259	0.01850631833076477	0.19505362212657928	0.17797750234603882	0.05101760849356651	-0.0565100722014904	-0.015336811542510986	0.17312967777252197	0.1753377467393875	0.32659071683883667	0.2876984477043152
