name	size	msemean	msemedian	msestd	vsemean	vsemedian	vsestd	r2mean	r2median	r2std	pccmean	pccmedian	pccstd
/opt/program/datasets/mhc/HLA-DRB1*0404.txt	464	0.039246298372745514	0.039892129600048065	0.006396473851054907	0.12933801114559174	0.14716793596744537	0.029042132198810577	-0.11979134380817413	-0.1196698546409607	0.19357800483703613	0.20378458499908447	0.14072632789611816	0.10851498693227768
