name	size	msemean	msemedian	msestd	vsemean	vsemedian	vsestd	r2mean	r2median	r2std	pccmean	pccmedian	pccstd
/opt/program/datasets/mhc/HLA-DRB1*0401.txt	1216	0.04055463522672653	0.03742722421884537	0.010847591795027256	0.13380853831768036	0.13435479998588562	0.020339734852313995	-0.15666238963603973	-0.0638800859451294	0.3136535584926605	0.3515663743019104	0.40095365047454834	0.14987948536872864
