name	size	msemean	msemedian	msestd	vsemean	vsemedian	vsestd	r2mean	r2median	r2std	pccmean	pccmedian	pccstd
/opt/program/datasets/mhc/HLA-DRB3*0101.txt	977	0.05891029164195061	0.05627806484699249	0.0070143104530870914	0.11355450004339218	0.10887807607650757	0.01607346348464489	0.015998095273971558	0.05923044681549072	0.1147250309586525	0.344629168510437	0.35117828845977783	0.03164740279316902
