name	size	msemean	msemedian	msestd	vsemean	vsemedian	vsestd	r2mean	r2median	r2std	pccmean	pccmedian	pccstd
/opt/program/datasets/mhc/HLA-DRB1*0401.txt	1216	0.041197508573532104	0.04072098433971405	0.0068157692439854145	0.12714959681034088	0.13258293271064758	0.020870888605713844	-0.17498627305030823	-0.15897834300994873	0.1980391889810562	0.043101996183395386	0.1818590611219406	0.25712260603904724
