name	size	msemean	msemedian	msestd	vsemean	vsemedian	vsestd	r2mean	r2median	r2std	pccmean	pccmedian	pccstd
/opt/program/datasets/mhc/HLA-DRB1*0101.txt	3499	0.014062304981052876	0.013947932049632072	0.0022207037545740604	0.05641602352261543	0.059680141508579254	0.008118757046759129	-0.09720967710018158	-0.08701598644256592	0.175454244017601	0.2627134919166565	0.3083512485027313	0.10827676206827164
