name	size	msemean	msemedian	msestd	vsemean	vsemedian	vsestd	r2mean	r2median	r2std	pccmean	pccmedian	pccstd
/opt/program/datasets/mhc/HLA-DRB1*0101.txt	3494	0.013846123591065407	0.013173926621675491	0.002312122844159603	0.05111408978700638	0.05228156968951225	0.009030348621308804	-0.08097898960113525	-0.02776014804840088	0.1827654093503952	0.1544332653284073	0.24945607781410217	0.1778707355260849
