name	size	msemean	msemedian	msestd	vsemean	vsemedian	vsestd	r2mean	r2median	r2std	pccmean	pccmedian	pccstd
/opt/program/datasets/mhc/HLA-DRB1*0301.txt	1086	0.10113461315631866	0.10095823556184769	0.00921884085983038	0.17835316061973572	0.17671729624271393	0.0250814538449049	0.04105684906244278	0.05181184411048889	0.08912879228591919	0.3596259653568268	0.38457930088043213	0.0858062133193016
