name	size	msemean	msemedian	msestd	vsemean	vsemedian	vsestd	r2mean	r2median	r2std	pccmean	pccmedian	pccstd
/opt/program/datasets/mhc/HLA-DRB1*0401.txt	1211	0.04190700501203537	0.038118958473205566	0.01879620924592018	0.13159146904945374	0.13357050716876984	0.016109000891447067	-0.19291721284389496	-0.08015727996826172	0.5382476449012756	0.04827386513352394	0.09812787175178528	0.24454006552696228
