name	size	msemean	msemedian	msestd	vsemean	vsemedian	vsestd	r2mean	r2median	r2std	pccmean	pccmedian	pccstd
/opt/program/datasets/mhc/HLA-DRB1*1501.txt	1161	0.015510043129324913	0.015586715191602707	0.0019685823936015368	0.05441390722990036	0.0565824881196022	0.008674068376421928	0.029734943062067032	0.029217064380645752	0.12009670585393906	0.4066768288612366	0.42708635330200195	0.07068700343370438
