name	size	msemean	msemedian	msestd	vsemean	vsemedian	vsestd	r2mean	r2median	r2std	pccmean	pccmedian	pccstd
/opt/program/datasets/mhc/HLA-DRB1*0404.txt	464	0.035156600177288055	0.034243062138557434	0.004894180689007044	0.1143883690237999	0.11016745120286942	0.02813166007399559	-0.002381694270297885	0.03310307860374451	0.14209169149398804	0.4095081388950348	0.41958874464035034	0.05147978663444519
