name	size	msemean	msemedian	msestd	vsemean	vsemedian	vsestd	r2mean	r2median	r2std	pccmean	pccmedian	pccstd
/opt/program/datasets/mhc/HLA-DRB1*0301.txt	1096	0.10578951984643936	0.10275308042764664	0.01539684273302555	0.1903374195098877	0.19280943274497986	0.030621595680713654	-0.004054802469909191	0.027003765106201172	0.14973434805870056	0.33928000926971436	0.36646825075149536	0.09628207981586456
