name	size	msemean	msemedian	msestd	vsemean	vsemedian	vsestd	r2mean	r2median	r2std	pccmean	pccmedian	pccstd
/opt/program/datasets/mhc/HLA-DRB1*0405.txt	1039	0.0223391093313694	0.02276594564318657	0.002719452604651451	0.0772862583398819	0.08103112131357193	0.011455374769866467	0.0027527629863470793	-0.011257350444793701	0.11423195898532867	0.4173395037651062	0.43686047196388245	0.05484091117978096
