name	size	msemean	msemedian	msestd	vsemean	vsemedian	vsestd	r2mean	r2median	r2std	pccmean	pccmedian	pccstd
/opt/program/datasets/mhc/HLA-DRB1*0401.txt	1201	0.0343312993645668	0.033014535903930664	0.0029727064538747072	0.11363309621810913	0.11312071979045868	0.016679152846336365	0.022798914462327957	0.05842190980911255	0.08266706019639969	0.26510775089263916	0.3445512652397156	0.18037258088588715
