name	size	msemean	msemedian	msestd	vsemean	vsemedian	vsestd	r2mean	r2median	r2std	pccmean	pccmedian	pccstd
/opt/program/datasets/mhc/HLA-DRB1*0802.txt	1007	0.09156239032745361	0.08894089609384537	0.011189037933945656	0.1662241667509079	0.16348007321357727	0.04016055911779404	-0.035037390887737274	-0.0024514496326446533	0.12954246997833252	0.24138298630714417	0.27839332818984985	0.14193524420261383
