name	size	msemean	msemedian	msestd	vsemean	vsemedian	vsestd	r2mean	r2median	r2std	pccmean	pccmedian	pccstd
/opt/program/datasets/mhc/HLA-DRB1*0405.txt	1039	0.022513151168823242	0.02231294848024845	0.002094903029501438	0.0742236077785492	0.07712152600288391	0.012523220852017403	-0.0055892495438456535	0.009226351976394653	0.08960181474685669	0.3253178000450134	0.38670235872268677	0.12536177039146423
