name	size	msemean	msemedian	msestd	vsemean	vsemedian	vsestd	r2mean	r2median	r2std	pccmean	pccmedian	pccstd
/opt/program/datasets/mhc/HLA-DRB1*0404.txt	464	0.038028962910175323	0.03740951046347618	0.004808798898011446	0.12573964893817902	0.13108369708061218	0.02453690394759178	-0.0851610004901886	-0.055342674255371094	0.14669494330883026	0.206080362200737	0.29836779832839966	0.1915120929479599
