name	size	msemean	msemedian	msestd	vsemean	vsemedian	vsestd	r2mean	r2median	r2std	pccmean	pccmedian	pccstd
/opt/program/datasets/mhc/HLA-DRB1*0701.txt	1165	0.017138686031103134	0.017143238335847855	0.0012295974884182215	0.06779521703720093	0.06972521543502808	0.007550686597824097	-0.040438808500766754	-0.03873163461685181	0.07171818614006042	0.239144966006279	0.3277685046195984	0.24539485573768616
