name	size	msemean	msemedian	msestd	vsemean	vsemedian	vsestd	r2mean	r2median	r2std	pccmean	pccmedian	pccstd
/opt/program/datasets/mhc/HLA-DRB1*1101.txt	1194	0.03240948170423508	0.03238685429096222	0.0026922915130853653	0.09570545703172684	0.09290705621242523	0.017851343378424644	-0.03703873232007027	-0.03760361671447754	0.08342259377241135	0.17539015412330627	0.33343809843063354	0.26324397325515747
