name	size	msemean	msemedian	msestd	vsemean	vsemedian	vsestd	r2mean	r2median	r2std	pccmean	pccmedian	pccstd
/opt/program/datasets/mhc/HLA-DRB1*0101.txt	3499	0.01447942852973938	0.014117473736405373	0.0019320201827213168	0.055887628346681595	0.05948271602392197	0.008951070718467236	-0.12970486283302307	-0.10022211074829102	0.1522347331047058	0.13131795823574066	0.24845269322395325	0.1978502720594406
