name	size	msemean	msemedian	msestd	vsemean	vsemedian	vsestd	r2mean	r2median	r2std	pccmean	pccmedian	pccstd
/opt/program/datasets/mhc/HLA-DRB1*0701.txt	1165	0.01905238814651966	0.01803695037961006	0.0027315111365169287	0.06566110998392105	0.06775455921888351	0.008399195037782192	-0.15776348114013672	-0.09799617528915405	0.17416895925998688	0.03594689816236496	0.03348386287689209	0.054220713675022125
