name	size	msemean	msemedian	msestd	vsemean	vsemedian	vsestd	r2mean	r2median	r2std	pccmean	pccmedian	pccstd
/opt/program/datasets/mhc/HLA-DRB1*0101.txt	3474	0.013561427593231201	0.012906815856695175	0.0022126592230051756	0.05396655946969986	0.053318411111831665	0.005673352163285017	-0.058283060789108276	-0.01122516393661499	0.17439734935760498	0.1728089153766632	0.2408754527568817	0.14105167984962463
