name	size	msemean	msemedian	msestd	vsemean	vsemedian	vsestd	r2mean	r2median	r2std	pccmean	pccmedian	pccstd
/opt/program/datasets/mhc/HLA-DRB3*0101.txt	977	0.0653446614742279	0.06504007428884506	0.00875175278633833	0.10850103199481964	0.1072504073381424	0.027339642867445946	-0.09173421561717987	-0.08976203203201294	0.14620038866996765	0.2574322819709778	0.25876516103744507	0.13998229801654816
