name	size	msemean	msemedian	msestd	vsemean	vsemedian	vsestd	r2mean	r2median	r2std	pccmean	pccmedian	pccstd
/opt/program/datasets/mhc/HLA-DRB1*0101.txt	3474	0.014616305939853191	0.014032812789082527	0.0018543729092925787	0.051606643944978714	0.05240871012210846	0.006403973791748285	-0.14087137579917908	-0.09401899576187134	0.14937447011470795	0.1794506311416626	0.1953607201576233	0.10231979936361313
