name	size	msemean	msemedian	msestd	vsemean	vsemedian	vsestd	r2mean	r2median	r2std	pccmean	pccmedian	pccstd
/opt/program/datasets/mhc/HLA-DRB1*0901.txt	1032	0.04358550161123276	0.0421309731900692	0.00472489045932889	0.15153267979621887	0.15470591187477112	0.012548749335110188	-0.1103285402059555	-0.07373732328414917	0.12359602004289627	0.06049107387661934	0.14117521047592163	0.18054324388504028
