name	size	msemean	msemedian	msestd	vsemean	vsemedian	vsestd	r2mean	r2median	r2std	pccmean	pccmedian	pccstd
/opt/program/datasets/mhc/HLA-DRB1*0101.txt	3499	0.014380224049091339	0.014335330575704575	0.0012837140820920467	0.05654311925172806	0.059903886169195175	0.008783468045294285	-0.12192988395690918	-0.11721843481063843	0.10176677256822586	0.10334956645965576	0.21744689345359802	0.21543188393115997
