name	size	msemean	msemedian	msestd	vsemean	vsemedian	vsestd	r2mean	r2median	r2std	pccmean	pccmedian	pccstd
/opt/program/datasets/mhc/HLA-DRB1*0401.txt	1191	0.035982780158519745	0.03563881665468216	0.0032716139685362577	0.10935993492603302	0.10880376398563385	0.015123432502150536	-0.02614603005349636	-0.012597084045410156	0.09629619866609573	0.2627853751182556	0.29085585474967957	0.1340533345937729
