name	size	msemean	msemedian	msestd	vsemean	vsemedian	vsestd	r2mean	r2median	r2std	pccmean	pccmedian	pccstd
/opt/program/datasets/mhc/HLA-DRB1*0301.txt	1126	0.1251218169927597	0.11896432936191559	0.015457633882761002	0.1930251568555832	0.17921313643455505	0.04291645810008049	-0.18391624093055725	-0.12485283613204956	0.14712850749492645	0.06606151163578033	0.06788510084152222	0.07314896583557129
