name	size	msemean	msemedian	msestd	vsemean	vsemedian	vsestd	r2mean	r2median	r2std	pccmean	pccmedian	pccstd
/opt/program/datasets/mhc/HLA-DRB1*0301.txt	1131	0.11046763509511948	0.09877167642116547	0.024492615833878517	0.21632936596870422	0.20020492374897003	0.055570635944604874	-0.044368207454681396	0.06709125638008118	0.23013553023338318	0.4177442491054535	0.42400044202804565	0.03580465912818909
