name	size	msemean	msemedian	msestd	vsemean	vsemedian	vsestd	r2mean	r2median	r2std	pccmean	pccmedian	pccstd
/opt/program/datasets/mhc/HLA-DRB1*0401.txt	1216	0.04414796829223633	0.039488472044467926	0.014463759958744049	0.12776966392993927	0.13563096523284912	0.02227255515754223	-0.2600650191307068	-0.1225692629814148	0.4196658432483673	0.11156435310840607	0.2893384099006653	0.272746205329895
