name	size	msemean	msemedian	msestd	vsemean	vsemedian	vsestd	r2mean	r2median	r2std	pccmean	pccmedian	pccstd
/opt/program/datasets/mhc/HLA-DRB1*0101.txt	3484	0.013077037408947945	0.012876179069280624	0.0009986029472202063	0.05286560207605362	0.05320614576339722	0.006286481861025095	-0.019685234874486923	-0.004389286041259766	0.07837055623531342	0.20344588160514832	0.28008657693862915	0.1732136458158493
