name	size	msemean	msemedian	msestd	vsemean	vsemedian	vsestd	r2mean	r2median	r2std	pccmean	pccmedian	pccstd
/opt/program/datasets/mhc/HLA-DRB1*0301.txt	1096	0.09581153839826584	0.09189300239086151	0.00961742177605629	0.15815632045269012	0.15543702244758606	0.0290372334420681	0.09103385359048843	0.1273566484451294	0.09054886549711227	0.37532585859298706	0.3981676697731018	0.08188431710004807
