name	size	msemean	msemedian	msestd	vsemean	vsemedian	vsestd	r2mean	r2median	r2std	pccmean	pccmedian	pccstd
/opt/program/datasets/mhc/HLA-DRB1*0901.txt	1032	0.040663205087184906	0.04072479158639908	0.0030440199188888073	0.1399376392364502	0.13839997351169586	0.016383934766054153	-0.03586997836828232	-0.04278302192687988	0.08123175799846649	0.17082978785037994	0.25461363792419434	0.1941142976284027
