name	size	msemean	msemedian	msestd	vsemean	vsemedian	vsestd	r2mean	r2median	r2std	pccmean	pccmedian	pccstd
/opt/program/datasets/mhc/HLA-DRB1*1302.txt	1060	0.09627650678157806	0.09180908650159836	0.014453751966357231	0.20249173045158386	0.20361194014549255	0.03600992634892464	-0.06393829733133316	-0.011934936046600342	0.16033558547496796	0.20698583126068115	0.2970139980316162	0.20963265001773834
