name	size	msemean	msemedian	msestd	vsemean	vsemedian	vsestd	r2mean	r2median	r2std	pccmean	pccmedian	pccstd
/opt/program/datasets/mhc/HLA-DRB1*0301.txt	1131	0.1371854990720749	0.13184279203414917	0.048100851476192474	0.22646096348762512	0.22438398003578186	0.06330107897520065	-0.29765379428863525	-0.24586260318756104	0.45729461312294006	0.007075509987771511	-0.034887172281742096	0.24619123339653015
