name	size	msemean	msemedian	msestd	vsemean	vsemedian	vsestd	r2mean	r2median	r2std	pccmean	pccmedian	pccstd
/opt/program/datasets/mhc/HLA-DRB4*0101.txt	1001	0.06088905408978462	0.05707569047808647	0.011547794565558434	0.14695347845554352	0.1328049600124359	0.045610032975673676	0.008288666605949402	0.06342259049415588	0.1926756203174591	0.3916725218296051	0.4309878349304199	0.11330310255289078
