name	size	msemean	msemedian	msestd	vsemean	vsemedian	vsestd	r2mean	r2median	r2std	pccmean	pccmedian	pccstd
/opt/program/datasets/mhc/HLA-DRB1*1501.txt	1161	0.017963798716664314	0.017357420176267624	0.0021161679178476334	0.05686689540743828	0.05886170640587807	0.007326935883611441	-0.12452451139688492	-0.08844691514968872	0.13612434267997742	0.06037498265504837	0.06446177512407303	0.07411326467990875
