name	size	msemean	msemedian	msestd	vsemean	vsemedian	vsestd	r2mean	r2median	r2std	pccmean	pccmedian	pccstd
/opt/program/datasets/mhc/HLA-DRB5*0101.txt	1188	0.042945124208927155	0.0433378703892231	0.002578902291134	0.1359601765871048	0.13966622948646545	0.01961124874651432	-0.0077528925612568855	-0.01572340726852417	0.0606067031621933	0.2527417838573456	0.3434787392616272	0.20666751265525818
