name	size	msemean	msemedian	msestd	vsemean	vsemedian	vsestd	r2mean	r2median	r2std	pccmean	pccmedian	pccstd
/opt/program/datasets/mhc/HLA-DRB1*1302.txt	1060	0.08045236766338348	0.08052913844585419	0.004325076937675476	0.1960485875606537	0.1996513307094574	0.01547615323215723	0.11108283698558807	0.10816815495491028	0.04512574523687363	0.4165639281272888	0.41698157787323	0.0027355619240552187
