name	size	msemean	msemedian	msestd	vsemean	vsemedian	vsestd	r2mean	r2median	r2std	pccmean	pccmedian	pccstd
/opt/program/datasets/mhc/HLA-DRB1*0301.txt	1116	0.10082598775625229	0.09774664789438248	0.011611375957727432	0.16760709881782532	0.15447208285331726	0.03785648196935654	0.045372139662504196	0.07749500870704651	0.1088704913854599	0.30817943811416626	0.3643278181552887	0.14430859684944153
