name	size	msemean	msemedian	msestd	vsemean	vsemedian	vsestd	r2mean	r2median	r2std	pccmean	pccmedian	pccstd
/opt/program/datasets/mhc/HLA-DRB3*0101.txt	977	0.07732431590557098	0.07354837656021118	0.013979801908135414	0.11918839067220688	0.11556734144687653	0.018383366987109184	-0.2929205298423767	-0.22868627309799194	0.24043355882167816	0.027260074391961098	0.026723675429821014	0.060054436326026917
