name	size	msemean	msemedian	msestd	vsemean	vsemedian	vsestd	r2mean	r2median	r2std	pccmean	pccmedian	pccstd
/opt/program/datasets/mhc/HLA-DRB1*0101.txt	3474	0.013144070282578468	0.012934835627675056	0.0009819593979045749	0.049983225762844086	0.05104372650384903	0.006272540427744389	-0.02571745589375496	-0.011224448680877686	0.07987716794013977	0.20321515202522278	0.24808907508850098	0.11415011435747147
