name	size	msemean	msemedian	msestd	vsemean	vsemedian	vsestd	r2mean	r2median	r2std	pccmean	pccmedian	pccstd
/opt/program/datasets/mhc/HLA-DRB1*0405.txt	1039	0.024027327075600624	0.023318737745285034	0.0019752695225179195	0.07764427363872528	0.08047746866941452	0.012082237750291824	-0.07368533313274384	-0.046519577503204346	0.08955179154872894	0.09866521507501602	0.011831991374492645	0.12767799198627472
