name	size	msemean	msemedian	msestd	vsemean	vsemedian	vsestd	r2mean	r2median	r2std	pccmean	pccmedian	pccstd
/opt/program/datasets/mhc/HLA-DRB1*0401.txt	1211	0.03815414756536484	0.03659993037581444	0.0067372433841228485	0.12377862632274628	0.12816056609153748	0.017415037378668785	-0.08581621199846268	-0.04404038190841675	0.1931571513414383	0.10596875846385956	0.3000684380531311	0.28907856345176697
