name	size	msemean	msemedian	msestd	vsemean	vsemedian	vsestd	r2mean	r2median	r2std	pccmean	pccmedian	pccstd
/opt/program/datasets/mhc/HLA-DRB1*0401.txt	1191	0.033529046922922134	0.03304639086127281	0.002604792360216379	0.10750510543584824	0.10525910556316376	0.016848145052790642	0.04392557591199875	0.05585664510726929	0.0775371640920639	0.3569280207157135	0.37935739755630493	0.07468828558921814
