name	size	msemean	msemedian	msestd	vsemean	vsemedian	vsestd	r2mean	r2median	r2std	pccmean	pccmedian	pccstd
/opt/program/datasets/mhc/HLA-DRB1*0802.txt	1007	0.0997190922498703	0.10118835419416428	0.009248255752027035	0.19429315626621246	0.2010410726070404	0.05250938981771469	-0.12705306708812714	-0.13848638534545898	0.10636024177074432	0.2134748250246048	0.2085997462272644	0.021982179954648018
