name	size	msemean	msemedian	msestd	vsemean	vsemedian	vsestd	r2mean	r2median	r2std	pccmean	pccmedian	pccstd
/opt/program/datasets/mhc/HLA-DRB1*0101.txt	3454	0.012557869777083397	0.012382181361317635	0.000910404312890023	0.0493757426738739	0.04936731234192848	0.005432182922959328	0.021927762776613235	0.037199705839157104	0.07328929752111435	0.24806657433509827	0.29544031620025635	0.11960301548242569
