name	size	msemean	msemedian	msestd	vsemean	vsemedian	vsestd	r2mean	r2median	r2std	pccmean	pccmedian	pccstd
/opt/program/datasets/mhc/HLA-DRB1*0901.txt	1032	0.041477568447589874	0.041798923164606094	0.0026545110158622265	0.14725324511528015	0.1486368328332901	0.016398154199123383	-0.056432079523801804	-0.07214927673339844	0.06876322627067566	0.1436288058757782	0.1293703019618988	0.1083529144525528
