name	size	msemean	msemedian	msestd	vsemean	vsemedian	vsestd	r2mean	r2median	r2std	pccmean	pccmedian	pccstd
/opt/program/datasets/mhc/HLA-DRB4*0101.txt	1001	0.046048276126384735	0.04560404270887375	0.002269960008561611	0.12720370292663574	0.1287817656993866	0.013634759932756424	0.2501424551010132	0.2629759609699249	0.0412103608250618	0.5300700068473816	0.5309176445007324	0.003679099725559354
