name	size	msemean	msemedian	msestd	vsemean	vsemedian	vsestd	r2mean	r2median	r2std	pccmean	pccmedian	pccstd
/opt/program/datasets/mhc/HLA-DRB1*0401.txt	1216	0.036953143775463104	0.03726615756750107	0.004433284047991037	0.12793003022670746	0.13019947707653046	0.019354216754436493	-0.053170301020145416	-0.06100261211395264	0.12382254004478455	0.3622599244117737	0.3818591833114624	0.0559825636446476
