name	size	msemean	msemedian	msestd	vsemean	vsemedian	vsestd	r2mean	r2median	r2std	pccmean	pccmedian	pccstd
/opt/program/datasets/mhc/HLA-DRB1*0301.txt	1116	0.10459285974502563	0.10274454951286316	0.00991111434996128	0.17468400299549103	0.1733013391494751	0.038416460156440735	0.009629810228943825	0.02546614408493042	0.09311100095510483	0.2979954481124878	0.3703349828720093	0.19395917654037476
