name	size	msemean	msemedian	msestd	vsemean	vsemedian	vsestd	r2mean	r2median	r2std	pccmean	pccmedian	pccstd
/opt/program/datasets/mhc/HLA-DRB1*0401.txt	1201	0.03526053577661514	0.034983713179826736	0.0023583259899169207	0.1192777156829834	0.118840292096138	0.015842583030462265	-0.0035554110072553158	-0.0025766491889953613	0.0626964122056961	0.29542064666748047	0.2933841645717621	0.051411692053079605
