name	size	msemean	msemedian	msestd	vsemean	vsemedian	vsestd	r2mean	r2median	r2std	pccmean	pccmedian	pccstd
/opt/program/datasets/mhc/HLA-DRB1*0802.txt	1007	0.08532865345478058	0.08334328234195709	0.008556852117180824	0.18137876689434052	0.1738223433494568	0.029169606044888496	0.0358145534992218	0.05419453978538513	0.09585021436214447	0.3437524437904358	0.35896730422973633	0.041595641523599625
