name	size	msemean	msemedian	msestd	vsemean	vsemedian	vsestd	r2mean	r2median	r2std	pccmean	pccmedian	pccstd
/opt/program/datasets/mhc/HLA-DRB1*0101.txt	3494	0.013668681494891644	0.013214938342571259	0.0017741145566105843	0.05128408223390579	0.05139361321926117	0.008534071035683155	-0.06706085801124573	-0.02884364128112793	0.14040860533714294	0.17633607983589172	0.22790077328681946	0.15025684237480164
