name	size	msemean	msemedian	msestd	vsemean	vsemedian	vsestd	r2mean	r2median	r2std	pccmean	pccmedian	pccstd
/opt/program/datasets/mhc/HLA-DRB1*1302.txt	1060	0.08869580924510956	0.08498582243919373	0.011385536752641201	0.1984623819589615	0.19380393624305725	0.03283993527293205	0.019973192363977432	0.06326588988304138	0.1247420608997345	0.35221919417381287	0.36714887619018555	0.07560557872056961
