name	size	msemean	msemedian	msestd	vsemean	vsemedian	vsestd	r2mean	r2median	r2std	pccmean	pccmedian	pccstd
/opt/program/datasets/mhc/HLA-DRB5*0101.txt	1188	0.04189682751893997	0.04201820492744446	0.0031656997743993998	0.134033203125	0.1389918029308319	0.01728058233857155	0.01681060716509819	0.016428589820861816	0.0749216377735138	0.37063896656036377	0.3790684938430786	0.037830546498298645
