name	size	msemean	msemedian	msestd	vsemean	vsemedian	vsestd	r2mean	r2median	r2std	pccmean	pccmedian	pccstd
/opt/program/datasets/mhc/HLA-DRB1*0101.txt	3464	0.012786333449184895	0.012763474136590958	0.0005782030639238656	0.05135055631399155	0.05382104218006134	0.006003262009471655	0.002643045736476779	0.0024908781051635742	0.047893937677145004	0.243641659617424	0.27229562401771545	0.059526704251766205
