name	size	msemean	msemedian	msestd	vsemean	vsemedian	vsestd	r2mean	r2median	r2std	pccmean	pccmedian	pccstd
/opt/program/datasets/mhc/HLA-DRB3*0101.txt	977	0.061226993799209595	0.05898786336183548	0.007628354709595442	0.0999615415930748	0.1014125645160675	0.0274198018014431	-0.022800132632255554	0.015367895364761353	0.1259743720293045	0.19460847973823547	0.29863154888153076	0.2169453203678131
