name	size	msemean	msemedian	msestd	vsemean	vsemedian	vsestd	r2mean	r2median	r2std	pccmean	pccmedian	pccstd
/opt/program/datasets/mhc/HLA-DRB1*1101.txt	1194	0.03142119199037552	0.03057337924838066	0.0030810274183750153	0.09547246247529984	0.09744346141815186	0.018933968618512154	-0.005301681347191334	0.025678694248199463	0.09502245485782623	0.21657845377922058	0.3567217290401459	0.270415335893631
