name	size	msemean	msemedian	msestd	vsemean	vsemedian	vsestd	r2mean	r2median	r2std	pccmean	pccmedian	pccstd
/opt/program/datasets/mhc/HLA-DRB1*0901.txt	1032	0.04612519592046738	0.043592825531959534	0.007306040730327368	0.14436213672161102	0.1427023708820343	0.014822962693870068	-0.17569513618946075	-0.10729020833969116	0.19432471692562103	0.016247620806097984	0.015174364671111107	0.03196162357926369
