name	size	msemean	msemedian	msestd	vsemean	vsemedian	vsestd	r2mean	r2median	r2std	pccmean	pccmedian	pccstd
/opt/program/datasets/mhc/HLA-DRB1*0701.txt	1165	0.01651831902563572	0.016921794041991234	0.0016140103107318282	0.06479022651910782	0.06821694225072861	0.009015447460114956	-0.0026437968481332064	-0.0230330228805542	0.0947713777422905	0.34473440051078796	0.3816368877887726	0.1527792066335678
