name	size	msemean	msemedian	msestd	vsemean	vsemedian	vsestd	r2mean	r2median	r2std	pccmean	pccmedian	pccstd
/opt/program/datasets/mhc/HLA-DRB1*0401.txt	1216	0.03700261935591698	0.03689456358551979	0.00469999248161912	0.1254829466342926	0.12756668031215668	0.02111133188009262	-0.054775021970272064	-0.04874211549758911	0.13326439261436462	0.37297704815864563	0.3863474130630493	0.04653684049844742
