name	size	msemean	msemedian	msestd	vsemean	vsemedian	vsestd	r2mean	r2median	r2std	pccmean	pccmedian	pccstd
/opt/program/datasets/mhc/HLA-DRB1*0101.txt	3454	0.012839565053582191	0.012784570455551147	0.0005461926921270788	0.05241938307881355	0.05380313843488693	0.0050234016962349415	0.00011703372001647949	0.004734665155410767	0.04328450933098793	0.2325187623500824	0.25400370359420776	0.05400460585951805
