name	size	msemean	msemedian	msestd	vsemean	vsemedian	vsestd	r2mean	r2median	r2std	pccmean	pccmedian	pccstd
/opt/program/datasets/mhc/HLA-DRB4*0101.txt	1001	0.062037426978349686	0.06403391063213348	0.010106717236340046	0.15594783425331116	0.1345832347869873	0.043584488332271576	-0.009922939352691174	-0.03757584095001221	0.16439683735370636	0.40494027733802795	0.4585186243057251	0.18977737426757812
