name	size	msemean	msemedian	msestd	vsemean	vsemedian	vsestd	r2mean	r2median	r2std	pccmean	pccmedian	pccstd
/opt/program/datasets/mhc/HLA-DRB1*0401.txt	1211	0.03512974828481674	0.035469792783260345	0.0029420973733067513	0.11900700628757477	0.12333057820796967	0.017804766073822975	0.0005677163717336953	-0.013147413730621338	0.08117209374904633	0.31365472078323364	0.3511600196361542	0.09781085699796677
