name	size	msemean	msemedian	msestd	vsemean	vsemedian	vsestd	r2mean	r2median	r2std	pccmean	pccmedian	pccstd
/opt/program/datasets/mhc/HLA-DRB1*0405.txt	1039	0.02228563465178013	0.022268030792474747	0.0023102841805666685	0.07398636639118195	0.07823628187179565	0.012914713472127914	0.0047090561129152775	0.010509103536605835	0.09859011322259903	0.37002190947532654	0.4305574893951416	0.12647338211536407
