name	size	msemean	msemedian	msestd	vsemean	vsemedian	vsestd	r2mean	r2median	r2std	pccmean	pccmedian	pccstd
/opt/program/datasets/mhc/HLA-DRB1*0301.txt	1116	0.1019323468208313	0.10254409909248352	0.008846708573400974	0.16840007901191711	0.16182440519332886	0.032355956733226776	0.03480733558535576	0.03165939450263977	0.08360420167446136	0.2903246283531189	0.3074640929698944	0.09103802591562271
