name	size	msemean	msemedian	msestd	vsemean	vsemedian	vsestd	r2mean	r2median	r2std	pccmean	pccmedian	pccstd
/opt/program/datasets/mhc/HLA-DRB1*0301.txt	1126	0.10129965841770172	0.09172359853982925	0.018860753625631332	0.19159018993377686	0.17135147750377655	0.047926127910614014	0.0419837050139904	0.13316643238067627	0.17577947676181793	0.4092111587524414	0.4150882065296173	0.03479688987135887
