name	size	msemean	msemedian	msestd	vsemean	vsemedian	vsestd	r2mean	r2median	r2std	pccmean	pccmedian	pccstd
/opt/program/datasets/mhc/HLA-DRB1*0401.txt	1211	0.03550434485077858	0.035628579556941986	0.003644471289590001	0.12300415337085724	0.12752608954906464	0.01728558912873268	-0.010036113671958447	-0.014119327068328857	0.10123103111982346	0.30689841508865356	0.3545302152633667	0.11722822487354279
