name	size	msemean	msemedian	msestd	vsemean	vsemedian	vsestd	r2mean	r2median	r2std	pccmean	pccmedian	pccstd
/opt/program/datasets/mhc/HLA-DRB5*0101.txt	1188	0.04491821676492691	0.04529282823204994	0.002210661768913269	0.14754024147987366	0.1484716832637787	0.012813075445592403	-0.05400945991277695	-0.06128484010696411	0.05085064470767975	0.2256993055343628	0.2525213360786438	0.08772093057632446
