name	size	msemean	msemedian	msestd	vsemean	vsemedian	vsestd	r2mean	r2median	r2std	pccmean	pccmedian	pccstd
/opt/program/datasets/mhc/HLA-DRB1*0301.txt	1126	0.10198786109685898	0.1006220132112503	0.008449972607195377	0.2076677531003952	0.2071457803249359	0.01865871623158455	0.035263627767562866	0.04396668076515198	0.0773325115442276	0.4207896590232849	0.42049238085746765	0.00405551353469491
