name	size	msemean	msemedian	msestd	vsemean	vsemedian	vsestd	r2mean	r2median	r2std	pccmean	pccmedian	pccstd
/opt/program/datasets/mhc/HLA-DRB1*0101.txt	3499	0.013948636129498482	0.013838274404406548	0.0017554163932800293	0.056325651705265045	0.05979413539171219	0.008400734513998032	-0.08828000724315643	-0.0802689790725708	0.1387312263250351	0.28295040130615234	0.30578112602233887	0.0884166806936264
