name	size	msemean	msemedian	msestd	vsemean	vsemedian	vsestd	r2mean	r2median	r2std	pccmean	pccmedian	pccstd
/opt/program/datasets/mhc/HLA-DRB1*0301.txt	1106	0.09903397411108017	0.09528599679470062	0.011866521090269089	0.17324408888816833	0.17379328608512878	0.027922678738832474	0.06099865958094597	0.09208828210830688	0.11252067983150482	0.3966214656829834	0.3953469395637512	0.055385470390319824
