name	size	msemean	msemedian	msestd	vsemean	vsemedian	vsestd	r2mean	r2median	r2std	pccmean	pccmedian	pccstd
/opt/program/datasets/mhc/HLA-DRB1*0101.txt	3474	0.013189641758799553	0.012618331238627434	0.0018781704129651189	0.05083463340997696	0.051377519965171814	0.005621058866381645	-0.02959766983985901	0.012432068586349487	0.15216699242591858	0.20868417620658875	0.2648535370826721	0.13249148428440094
