name	size	msemean	msemedian	msestd	vsemean	vsemedian	vsestd	r2mean	r2median	r2std	pccmean	pccmedian	pccstd
/opt/program/datasets/mhc/HLA-DRB5*0101.txt	1188	0.04266802594065666	0.04288821667432785	0.0027673214208334684	0.13799946010112762	0.14508122205734253	0.017631351947784424	-0.001149332500062883	-0.00459405779838562	0.06351863592863083	0.29458796977996826	0.3405950665473938	0.12441010028123856
