name	size	msemean	msemedian	msestd	vsemean	vsemedian	vsestd	r2mean	r2median	r2std	pccmean	pccmedian	pccstd
/opt/program/datasets/mhc/HLA-DRB1*0401.txt	1211	0.03785727173089981	0.037353284657001495	0.005947173573076725	0.12351588159799576	0.12715783715248108	0.01609373837709427	-0.07740592211484909	-0.059431374073028564	0.17085310816764832	0.11645577102899551	0.28763365745544434	0.27712389826774597
