name	size	msemean	msemedian	msestd	vsemean	vsemedian	vsestd	r2mean	r2median	r2std	pccmean	pccmedian	pccstd
/opt/program/datasets/mhc/HLA-DRB1*0101.txt	3464	0.013017898425459862	0.012876320630311966	0.0009865176398307085	0.049884501844644547	0.0496114045381546	0.005674327723681927	-0.015557771548628807	-0.006828129291534424	0.08068861812353134	0.22044336795806885	0.25109484791755676	0.11255330592393875
