name	size	msemean	msemedian	msestd	vsemean	vsemedian	vsestd	r2mean	r2median	r2std	pccmean	pccmedian	pccstd
/opt/program/datasets/mhc/HLA-DRB1*0802.txt	1007	0.07787749916315079	0.07640846073627472	0.004255380481481552	0.17550191283226013	0.18084454536437988	0.02204940840601921	0.12010123580694199	0.1321503221988678	0.0444200336933136	0.41450709104537964	0.4184184670448303	0.008881493471562862
