name	size	msemean	msemedian	msestd	vsemean	vsemedian	vsestd	r2mean	r2median	r2std	pccmean	pccmedian	pccstd
/opt/program/datasets/mhc/HLA-DRB1*1501.txt	1161	0.013754774816334248	0.013588029891252518	0.00047318468568846583	0.043261539191007614	0.043135493993759155	0.0018273137975484133	0.1391671597957611	0.1529240608215332	0.030502401292324066	0.5126668214797974	0.512919545173645	0.0024680898059159517
