name	size	msemean	msemedian	msestd	vsemean	vsemedian	vsestd	r2mean	r2median	r2std	pccmean	pccmedian	pccstd
/opt/program/datasets/mhc/HLA-DRB1*0301.txt	1096	0.10217249393463135	0.0977376401424408	0.010855656117200851	0.1775730699300766	0.17518770694732666	0.026188965886831284	0.03050931915640831	0.07628482580184937	0.10444999486207962	0.34562695026397705	0.37572434544563293	0.07795967906713486
