name	size	msemean	msemedian	msestd	vsemean	vsemedian	vsestd	r2mean	r2median	r2std	pccmean	pccmedian	pccstd
/opt/program/datasets/mhc/HLA-DRB1*1501.txt	1161	0.017635557800531387	0.01759888418018818	0.0015907712513580918	0.05974644422531128	0.0626046434044838	0.008301726542413235	-0.10357788950204849	-0.1012229323387146	0.09845790266990662	0.14479602873325348	0.23546218872070312	0.2436206042766571
