name	size	msemean	msemedian	msestd	vsemean	vsemedian	vsestd	r2mean	r2median	r2std	pccmean	pccmedian	pccstd
/opt/program/datasets/mhc/HLA-DRB1*0401.txt	1191	0.03299838677048683	0.03244628757238388	0.00231991708278656	0.1047474592924118	0.10350614786148071	0.016480321064591408	0.05932815000414848	0.07781609892845154	0.06457643210887909	0.31895703077316284	0.3627505898475647	0.10662062466144562
