name	size	msemean	msemedian	msestd	vsemean	vsemedian	vsestd	r2mean	r2median	r2std	pccmean	pccmedian	pccstd
/opt/program/datasets/mhc/HLA-DRB1*0101.txt	3499	0.0141231594607234	0.013752365484833717	0.002621804364025593	0.05626138299703598	0.059890419244766235	0.00739842327311635	-0.10201940685510635	-0.07173317670822144	0.20712292194366455	0.28329944610595703	0.28713661432266235	0.02086479403078556
