name	size	msemean	msemedian	msestd	vsemean	vsemedian	vsestd	r2mean	r2median	r2std	pccmean	pccmedian	pccstd
/opt/program/datasets/mhc/HLA-DRB1*0101.txt	3454	0.012721791863441467	0.012616066262125969	0.0005521791754290462	0.05259166285395622	0.053389277309179306	0.004813809879124165	0.009395027533173561	0.01543322205543518	0.0410698801279068	0.21337191760540009	0.2713125944137573	0.09383727610111237
