name	size	msemean	msemedian	msestd	vsemean	vsemedian	vsestd	r2mean	r2median	r2std	pccmean	pccmedian	pccstd
/opt/program/datasets/mhc/HLA-DRB4*0101.txt	1001	0.057578135281801224	0.05240130424499512	0.01133151538670063	0.14613112807273865	0.12186595052480698	0.042896099388599396	0.06249900534749031	0.14016008377075195	0.18627125024795532	0.49185729026794434	0.49635618925094604	0.02416139468550682
