name	size	msemean	msemedian	msestd	vsemean	vsemedian	vsestd	r2mean	r2median	r2std	pccmean	pccmedian	pccstd
/opt/program/datasets/mhc/HLA-DRB1*0802.txt	1007	0.1007905974984169	0.09941128641366959	0.01682439260184765	0.20068533718585968	0.21758976578712463	0.046948257833719254	-0.1394677460193634	-0.12390029430389404	0.1946469247341156	0.07364293932914734	0.17645275592803955	0.20842471718788147
