name	size	msemean	msemedian	msestd	vsemean	vsemedian	vsestd	r2mean	r2median	r2std	pccmean	pccmedian	pccstd
/opt/program/datasets/mhc/HLA-DRB4*0101.txt	1001	0.05962693691253662	0.056056633591651917	0.01404317282140255	0.14552398025989532	0.13116690516471863	0.04223552346229553	0.028479304164648056	0.08200490474700928	0.23559457063674927	0.4830092489719391	0.49333691596984863	0.03330842778086662
