name	size	msemean	msemedian	msestd	vsemean	vsemedian	vsestd	r2mean	r2median	r2std	pccmean	pccmedian	pccstd
/opt/program/datasets/mhc/HLA-DRB1*0101.txt	3474	0.012760305777192116	0.012555398046970367	0.0009709037840366364	0.05142275616526604	0.05149044841527939	0.007036908064037561	0.0043141781352460384	0.025069355964660645	0.07786178588867188	0.29904624819755554	0.3157459497451782	0.0411197692155838
