name	size	msemean	msemedian	msestd	vsemean	vsemedian	vsestd	r2mean	r2median	r2std	pccmean	pccmedian	pccstd
/opt/program/datasets/mhc/HLA-DRB3*0101.txt	977	0.055087070912122726	0.05482035130262375	0.0026342812925577164	0.10427744686603546	0.10420820862054825	0.011207292787730694	0.07976390421390533	0.08455094695091248	0.04123874381184578	0.3767393231391907	0.37689486145973206	0.0028051966801285744
