name	size	msemean	msemedian	msestd	vsemean	vsemedian	vsestd	r2mean	r2median	r2std	pccmean	pccmedian	pccstd
/opt/program/datasets/mhc/HLA-DRB1*1302.txt	1060	0.09370122104883194	0.0884813517332077	0.013204367831349373	0.19796092808246613	0.19836726784706116	0.03907744213938713	-0.03543298318982124	0.025540918111801147	0.14593888819217682	0.2393736094236374	0.3434622883796692	0.23269473016262054
