name	size	msemean	msemedian	msestd	vsemean	vsemedian	vsestd	r2mean	r2median	r2std	pccmean	pccmedian	pccstd
/opt/program/datasets/mhc/HLA-DRB5*0101.txt	1188	0.04412192851305008	0.043609727174043655	0.005159910302609205	0.13760903477668762	0.14258649945259094	0.017145108431577682	-0.03563021495938301	-0.021186113357543945	0.12473751604557037	0.1528942734003067	0.31007149815559387	0.3108917772769928
