name	size	msemean	msemedian	msestd	vsemean	vsemedian	vsestd	r2mean	r2median	r2std	pccmean	pccmedian	pccstd
/opt/program/datasets/mhc/HLA-DRB1*0301.txt	1131	0.12773758172988892	0.12951236963272095	0.025628050789237022	0.20101475715637207	0.20046260952949524	0.07151332497596741	-0.20807357132434845	-0.2251279354095459	0.2432842254638672	-0.005181752145290375	-0.06229068338871002	0.29233500361442566
