name	size	msemean	msemedian	msestd	vsemean	vsemedian	vsestd	r2mean	r2median	r2std	pccmean	pccmedian	pccstd
/opt/program/datasets/mhc/HLA-DRB1*0301.txt	1086	0.09764331579208374	0.09266277402639389	0.012002416886389256	0.17324534058570862	0.17057794332504272	0.022340236231684685	0.07397342473268509	0.11025840044021606	0.11706617474555969	0.3941960334777832	0.4259225130081177	0.0935354232788086
