name	size	msemean	msemedian	msestd	vsemean	vsemedian	vsestd	r2mean	r2median	r2std	pccmean	pccmedian	pccstd
/opt/program/datasets/mhc/HLA-DRB1*0101.txt	3464	0.013728199526667595	0.013105492107570171	0.001853463239967823	0.052736639976501465	0.054002486169338226	0.00591327203437686	-0.07126031816005707	-0.01775723695755005	0.14974923431873322	0.14113834500312805	0.21516753733158112	0.12833012640476227
