name	size	msemean	msemedian	msestd	vsemean	vsemedian	vsestd	r2mean	r2median	r2std	pccmean	pccmedian	pccstd
/opt/program/datasets/mhc/HLA-DRB1*0401.txt	1211	0.0348149873316288	0.035308293998241425	0.00329430284909904	0.11988650262355804	0.12444569170475006	0.017491567879915237	0.009592613205313683	-0.0008126199245452881	0.09083366394042969	0.34400442242622375	0.3606850504875183	0.04763296991586685
