name	size	msemean	msemedian	msestd	vsemean	vsemedian	vsestd	r2mean	r2median	r2std	pccmean	pccmedian	pccstd
/opt/program/datasets/mhc/HLA-DRB5*0101.txt	1188	0.03348322585225105	0.03293837979435921	0.0011457096552476287	0.11178219318389893	0.11096566915512085	0.007102180738002062	0.2143264263868332	0.22721248865127563	0.025415269657969475	0.4896796643733978	0.48980027437210083	0.002275746548548341
