name	size	msemean	msemedian	msestd	vsemean	vsemedian	vsestd	r2mean	r2median	r2std	pccmean	pccmedian	pccstd
/opt/program/datasets/mhc/HLA-DRB1*0101.txt	3474	0.013864779844880104	0.013548877090215683	0.0016513302689418197	0.051219481974840164	0.05143790692090988	0.005745434667915106	-0.08223040401935577	-0.059774696826934814	0.13364030420780182	0.19904787838459015	0.21636760234832764	0.12330504506826401
