name	size	msemean	msemedian	msestd	vsemean	vsemedian	vsestd	r2mean	r2median	r2std	pccmean	pccmedian	pccstd
/opt/program/datasets/mhc/HLA-DRB1*0101.txt	3454	0.013834051787853241	0.013664308935403824	0.0011718471068888903	0.050214625895023346	0.0490545779466629	0.005502056796103716	-0.07767857611179352	-0.06335324048995972	0.0961596742272377	0.19063463807106018	0.20644035935401917	0.09754524379968643
