name	size	msemean	msemedian	msestd	vsemean	vsemedian	vsestd	r2mean	r2median	r2std	pccmean	pccmedian	pccstd
/opt/program/datasets/mhc/HLA-DRB1*0901.txt	1032	0.041728608310222626	0.040604233741760254	0.004023815039545298	0.14383915066719055	0.14246106147766113	0.013252221047878265	-0.06316179037094116	-0.03255164623260498	0.10771795362234116	0.10077859461307526	0.19606751203536987	0.17566782236099243
