name	size	msemean	msemedian	msestd	vsemean	vsemedian	vsestd	r2mean	r2median	r2std	pccmean	pccmedian	pccstd
/opt/program/datasets/mhc/HLA-DRB1*0101.txt	3454	0.012925853952765465	0.012631048448383808	0.0010122484527528286	0.04973485320806503	0.04970012605190277	0.004473290406167507	-0.006858006119728088	0.014976143836975098	0.08304502069950104	0.22832003235816956	0.2551102638244629	0.06627766788005829
