name	size	msemean	msemedian	msestd	vsemean	vsemedian	vsestd	r2mean	r2median	r2std	pccmean	pccmedian	pccstd
/opt/program/datasets/mhc/HLA-DRB1*1101.txt	1194	0.03260919079184532	0.03236524388194084	0.00271960929967463	0.10006846487522125	0.10497502982616425	0.017800597473978996	-0.04335267096757889	-0.03667724132537842	0.08335719257593155	0.2283076047897339	0.1784210056066513	0.11718132346868515
