name	size	msemean	msemedian	msestd	vsemean	vsemedian	vsestd	r2mean	r2median	r2std	pccmean	pccmedian	pccstd
/opt/program/datasets/mhc/HLA-DRB1*0101.txt	3494	0.01303673256188631	0.01316792331635952	0.0010093537857756019	0.051680199801921844	0.05282748490571976	0.008328824304044247	-0.017567280679941177	-0.028238236904144287	0.07890500873327255	0.27656883001327515	0.29974740743637085	0.05427448824048042
