name	size	msemean	msemedian	msestd	vsemean	vsemedian	vsestd	r2mean	r2median	r2std	pccmean	pccmedian	pccstd
/opt/program/datasets/mhc/HLA-DRB1*0101.txt	3494	0.015295004472136497	0.013791736215353012	0.004165510181337595	0.05467573553323746	0.05631239712238312	0.007655477151274681	-0.19448575377464294	-0.07390689849853516	0.32902610301971436	0.08349858224391937	0.15366008877754211	0.18963158130645752
