name	size	msemean	msemedian	msestd	vsemean	vsemedian	vsestd	r2mean	r2median	r2std	pccmean	pccmedian	pccstd
/opt/program/datasets/mhc/HLA-DRB1*0404.txt	464	0.039316434413194656	0.03832449018955231	0.00700313039124012	0.1263788938522339	0.12430540472269058	0.022617628797888756	-0.12337560951709747	-0.07002002000808716	0.21768498420715332	0.23460333049297333	0.34422799944877625	0.25436773896217346
