name	size	msemean	msemedian	msestd	vsemean	vsemedian	vsestd	r2mean	r2median	r2std	pccmean	pccmedian	pccstd
/opt/program/datasets/mhc/HLA-DRB1*0405.txt	1039	0.016516724601387978	0.016327569261193275	0.00034357825643382967	0.05111267417669296	0.05181541293859482	0.0029354533180594444	0.2618611454963684	0.2728446125984192	0.020594676956534386	0.5509904623031616	0.5516059398651123	0.0026467798743396997
