name	size	msemean	msemedian	msestd	vsemean	vsemedian	vsestd	r2mean	r2median	r2std	pccmean	pccmedian	pccstd
/opt/program/datasets/mhc/HLA-DRB1*0101.txt	3484	0.013094821944832802	0.012713095173239708	0.0010674919467419386	0.05221520736813545	0.050513580441474915	0.006328034680336714	-0.021117132157087326	0.008649230003356934	0.08429303765296936	0.17389656603336334	0.23564577102661133	0.14623086154460907
