name	size	msemean	msemedian	msestd	vsemean	vsemedian	vsestd	r2mean	r2median	r2std	pccmean	pccmedian	pccstd
/opt/program/datasets/mhc/HLA-DRB1*1501.txt	1161	0.016283364966511726	0.016082890331745148	0.0015755451750010252	0.055126648396253586	0.056793004274368286	0.009201561100780964	-0.01878470554947853	-0.009797811508178711	0.09568651020526886	0.1988610029220581	0.35529911518096924	0.2748294472694397
