name	size	msemean	msemedian	msestd	vsemean	vsemedian	vsestd	r2mean	r2median	r2std	pccmean	pccmedian	pccstd
/opt/program/datasets/mhc/HLA-DRB1*0301.txt	1106	0.09526136517524719	0.09202970564365387	0.00856204703450203	0.16299179196357727	0.154030904173851	0.028967835009098053	0.09699644148349762	0.12173265218734741	0.07834178954362869	0.36949920654296875	0.3997806906700134	0.09099198877811432
