name	size	msemean	msemedian	msestd	vsemean	vsemedian	vsestd	r2mean	r2median	r2std	pccmean	pccmedian	pccstd
/opt/program/datasets/mhc/HLA-DRB1*0701.txt	1165	0.016747143119573593	0.016552790999412537	0.0012905511539429426	0.06541010737419128	0.0675494596362114	0.008028538897633553	-0.016630303114652634	-0.005808532238006592	0.07510467618703842	0.3463580012321472	0.3869510889053345	0.12486039102077484
