name	size	msemean	msemedian	msestd	vsemean	vsemedian	vsestd	r2mean	r2median	r2std	pccmean	pccmedian	pccstd
/opt/program/datasets/mhc/HLA-DRB1*0301.txt	1096	0.09356416761875153	0.08992630988359451	0.009139531292021275	0.16241519153118134	0.15956097841262817	0.022063618525862694	0.11223132908344269	0.14603862166404724	0.08759726583957672	0.40181946754455566	0.4250273108482361	0.06024787947535515
