name	size	msemean	msemedian	msestd	vsemean	vsemedian	vsestd	r2mean	r2median	r2std	pccmean	pccmedian	pccstd
/opt/program/datasets/mhc/HLA-DRB1*1501.txt	1161	0.01648128405213356	0.016034845262765884	0.001515015261247754	0.05541544407606125	0.05774307996034622	0.009089866653084755	-0.031192436814308167	-0.0009098351001739502	0.0921541154384613	0.2141455113887787	0.30691689252853394	0.22807283699512482
