name	size	msemean	msemedian	msestd	vsemean	vsemedian	vsestd	r2mean	r2median	r2std	pccmean	pccmedian	pccstd
/opt/program/datasets/mhc/HLA-DRB1*0301.txt	1086	0.09035388380289078	0.08711716532707214	0.007766361348330975	0.15984328091144562	0.15395864844322205	0.0189643707126379	0.14337489008903503	0.16311049461364746	0.07481910288333893	0.4267478883266449	0.4568573832511902	0.058018818497657776
