name	size	msemean	msemedian	msestd	vsemean	vsemedian	vsestd	r2mean	r2median	r2std	pccmean	pccmedian	pccstd
/opt/program/datasets/mhc/HLA-DRB1*0401.txt	1191	0.0340210385620594	0.03279221057891846	0.0035993659403175116	0.11197604984045029	0.11364883929491043	0.01640332117676735	0.029659461230039597	0.0642179548740387	0.10882417857646942	0.37707510590553284	0.3834455609321594	0.02964167110621929
