name	size	msemean	msemedian	msestd	vsemean	vsemedian	vsestd	r2mean	r2median	r2std	pccmean	pccmedian	pccstd
/opt/program/datasets/mhc/HLA-DRB1*0301.txt	1126	0.1115938052535057	0.10741105675697327	0.01348018553107977	0.1867855042219162	0.1806247979402542	0.053958460688591	-0.055620692670345306	-0.014266788959503174	0.12560506165027618	0.14525839686393738	0.27679696679115295	0.2346789836883545
