name	size	msemean	msemedian	msestd	vsemean	vsemedian	vsestd	r2mean	r2median	r2std	pccmean	pccmedian	pccstd
/opt/program/datasets/mhc/HLA-DRB3*0101.txt	977	0.06167539209127426	0.05767294019460678	0.008184497244656086	0.1017361432313919	0.0957394614815712	0.026451531797647476	-0.03036939539015293	0.029660195112228394	0.13604877889156342	0.22161176800727844	0.2928163409233093	0.17787368595600128
