name	size	msemean	msemedian	msestd	vsemean	vsemedian	vsestd	r2mean	r2median	r2std	pccmean	pccmedian	pccstd
/opt/program/datasets/mhc/HLA-DRB1*0301.txt	1116	0.11103962361812592	0.10559158027172089	0.023571407422423363	0.18623660504817963	0.18128040432929993	0.04118393361568451	-0.0516195222735405	0.0016825497150421143	0.22452473640441895	0.3555084466934204	0.41108238697052	0.1106022298336029
