name	size	msemean	msemedian	msestd	vsemean	vsemedian	vsestd	r2mean	r2median	r2std	pccmean	pccmedian	pccstd
/opt/program/datasets/mhc/HLA-DRB1*0404.txt	464	0.025931481271982193	0.025767967104911804	0.0014440101804211736	0.08765769749879837	0.08983354270458221	0.00890531949698925	0.26064732670783997	0.2711681127548218	0.04259035363793373	0.5389800667762756	0.5382587909698486	0.006822529248893261
