name	size	msemean	msemedian	msestd	vsemean	vsemedian	vsestd	r2mean	r2median	r2std	pccmean	pccmedian	pccstd
/opt/program/datasets/mhc/HLA-DRB1*0101.txt	3484	0.013309532776474953	0.013290106318891048	0.0008624839247204363	0.05436777323484421	0.05607336759567261	0.006833542138338089	-0.037812042981386185	-0.039255738258361816	0.06766654551029205	0.1330040693283081	0.12327617406845093	0.12479065358638763
