name	size	msemean	msemedian	msestd	vsemean	vsemedian	vsestd	r2mean	r2median	r2std	pccmean	pccmedian	pccstd
/opt/program/datasets/mhc/HLA-DRB1*0101.txt	3464	0.013654823414981365	0.013376114889979362	0.0015224643284454942	0.050239332020282745	0.05067523568868637	0.004518826957792044	-0.06554101407527924	-0.038354456424713135	0.12488138675689697	0.20596715807914734	0.2377939075231552	0.07001495361328125
