name	size	msemean	msemedian	msestd	vsemean	vsemedian	vsestd	r2mean	r2median	r2std	pccmean	pccmedian	pccstd
/opt/program/datasets/mhc/HLA-DRB1*0301.txt	1116	0.10251650959253311	0.09892777353525162	0.009140724316239357	0.1684747189283371	0.16394290328025818	0.03510474041104317	0.029351478442549706	0.06171193718910217	0.08527109771966934	0.26218661665916443	0.3320559859275818	0.14248302578926086
