name	size	msemean	msemedian	msestd	vsemean	vsemedian	vsestd	r2mean	r2median	r2std	pccmean	pccmedian	pccstd
/opt/program/datasets/mhc/HLA-DRB1*1101.txt	1194	0.03143438324332237	0.030474979430437088	0.003042893949896097	0.09594614058732986	0.09797266125679016	0.018519312143325806	-0.00570813100785017	0.028810560703277588	0.09356916695833206	0.2132924497127533	0.346172571182251	0.2676568627357483
