name	size	msemean	msemedian	msestd	vsemean	vsemedian	vsestd	r2mean	r2median	r2std	pccmean	pccmedian	pccstd
/opt/program/datasets/mhc/HLA-DRB1*1501.txt	1161	0.015594367869198322	0.015486283227801323	0.0019458722090348601	0.055450450628995895	0.056863851845264435	0.008244535885751247	0.024520665407180786	0.029425770044326782	0.1181163340806961	0.4069172441959381	0.42000362277030945	0.049448415637016296
