name	size	msemean	msemedian	msestd	vsemean	vsemedian	vsestd	r2mean	r2median	r2std	pccmean	pccmedian	pccstd
/opt/program/datasets/mhc/HLA-DRB1*0301.txt	1131	0.10811741650104523	0.09642563760280609	0.02472064457833767	0.20668509602546692	0.19431647658348083	0.0610814094543457	-0.022142957895994186	0.08979415893554688	0.23231187462806702	0.448230117559433	0.45458734035491943	0.026275157928466797
