name	size	msemean	msemedian	msestd	vsemean	vsemedian	vsestd	r2mean	r2median	r2std	pccmean	pccmedian	pccstd
/opt/program/datasets/mhc/HLA-DRB1*0301.txt	1126	0.1071292906999588	0.09845064580440521	0.018948137760162354	0.1853570193052292	0.17497533559799194	0.056619398295879364	-0.013315972872078419	0.07022443413734436	0.17742425203323364	0.27804285287857056	0.4072147607803345	0.27367016673088074
