name	size	msemean	msemedian	msestd	vsemean	vsemedian	vsestd	r2mean	r2median	r2std	pccmean	pccmedian	pccstd
/opt/program/datasets/mhc/HLA-DRB1*0301.txt	1106	0.10116145759820938	0.1006336659193039	0.010749652981758118	0.1720796674489975	0.172483891248703	0.026807228103280067	0.040830373764038086	0.05295500159263611	0.1022004783153534	0.32267147302627563	0.3624659776687622	0.1342111974954605
