name	size	msemean	msemedian	msestd	vsemean	vsemedian	vsestd	r2mean	r2median	r2std	pccmean	pccmedian	pccstd
/opt/program/datasets/mhc/HLA-DRB1*0404.txt	464	0.038851961493492126	0.03901103883981705	0.0033671471755951643	0.1336093246936798	0.1446276307106018	0.023663148283958435	-0.10698549449443817	-0.11674386262893677	0.08750256896018982	0.03884643688797951	0.10521560907363892	0.28303664922714233
