name	size	msemean	msemedian	msestd	vsemean	vsemedian	vsestd	r2mean	r2median	r2std	pccmean	pccmedian	pccstd
/opt/program/datasets/mhc/HLA-DRB4*0101.txt	1001	0.06438058614730835	0.0675293505191803	0.012837696820497513	0.16228130459785461	0.13887369632720947	0.04704800993204117	-0.048557937145233154	-0.09442126750946045	0.2122286558151245	0.459841251373291	0.44579368829727173	0.04076408967375755
