name	size	msemean	msemedian	msestd	vsemean	vsemedian	vsestd	r2mean	r2median	r2std	pccmean	pccmedian	pccstd
/opt/program/datasets/mhc/HLA-DRB1*0301.txt	1126	0.10183288902044296	0.0919378399848938	0.018847474828362465	0.19460931420326233	0.17890264093875885	0.0471658781170845	0.03696655482053757	0.13025224208831787	0.1755235493183136	0.4109767973423004	0.4206884503364563	0.02776009775698185
