name	size	msemean	msemedian	msestd	vsemean	vsemedian	vsestd	r2mean	r2median	r2std	pccmean	pccmedian	pccstd
/opt/program/datasets/mhc/HLA-DRB3*0101.txt	977	0.06706733256578445	0.06437577307224274	0.008038952015340328	0.11725851148366928	0.11967454850673676	0.026053719222545624	-0.12071235477924347	-0.07224631309509277	0.1361762434244156	0.09222397208213806	0.19212833046913147	0.2653113305568695
