name	size	msemean	msemedian	msestd	vsemean	vsemedian	vsestd	r2mean	r2median	r2std	pccmean	pccmedian	pccstd
/opt/program/datasets/mhc/HLA-DRB1*0101.txt	3494	0.016398204490542412	0.014171173796057701	0.004450459033250809	0.05314818024635315	0.05317206680774689	0.006360911764204502	-0.28082379698753357	-0.10516887903213501	0.351706862449646	0.017431288957595825	0.021460793912410736	0.04129050672054291
