name	size	msemean	msemedian	msestd	vsemean	vsemedian	vsestd	r2mean	r2median	r2std	pccmean	pccmedian	pccstd
/opt/program/datasets/mhc/HLA-DRB1*0301.txt	1131	0.12263724952936172	0.11745700240135193	0.022694794461131096	0.20305053889751434	0.19823876023292542	0.06861419230699539	-0.159742072224617	-0.11139142513275146	0.21480987966060638	0.0694853737950325	0.17555776238441467	0.2873609960079193
