name	size	msemean	msemedian	msestd	vsemean	vsemedian	vsestd	r2mean	r2median	r2std	pccmean	pccmedian	pccstd
/opt/program/datasets/mhc/HLA-DRB5*0101.txt	1188	0.046748965978622437	0.04498223215341568	0.005507899448275566	0.13816431164741516	0.1413201540708542	0.015226255171000957	-0.09755091369152069	-0.052355289459228516	0.13531458377838135	0.04812302440404892	0.04604630544781685	0.036982212215662
