name	size	msemean	msemedian	msestd	vsemean	vsemedian	vsestd	r2mean	r2median	r2std	pccmean	pccmedian	pccstd
/opt/program/datasets/mhc/HLA-DRB1*1302.txt	1060	0.09607283771038055	0.0917142778635025	0.015303564257919788	0.21333877742290497	0.19805073738098145	0.04161711037158966	-0.06155036762356758	-0.014727592468261719	0.16858971118927002	0.16118857264518738	0.07194869965314865	0.1914478838443756
