name	size	msemean	msemedian	msestd	vsemean	vsemedian	vsestd	r2mean	r2median	r2std	pccmean	pccmedian	pccstd
/opt/program/datasets/mhc/HLA-DRB1*0301.txt	1086	0.09318476170301437	0.08929446339607239	0.010997289791703224	0.16005852818489075	0.15662597119808197	0.03084751032292843	0.1167512908577919	0.15007197856903076	0.10300075262784958	0.4192121922969818	0.4384743571281433	0.06087195873260498
