name	size	msemean	msemedian	msestd	vsemean	vsemedian	vsestd	r2mean	r2median	r2std	pccmean	pccmedian	pccstd
/opt/program/datasets/mhc/HLA-DRB1*0802.txt	1007	0.09261689335107803	0.08850544691085815	0.011884261853992939	0.1690944880247116	0.16559463739395142	0.04007817432284355	-0.046963971108198166	-0.002064734697341919	0.13745583593845367	0.20358768105506897	0.25528568029403687	0.16085566580295563
