name	size	msemean	msemedian	msestd	vsemean	vsemedian	vsestd	r2mean	r2median	r2std	pccmean	pccmedian	pccstd
/opt/program/datasets/mhc/HLA-DRB1*0401.txt	1211	0.041206784546375275	0.038941361010074615	0.006527525372803211	0.12171105295419693	0.1262819766998291	0.018047776073217392	-0.1732850968837738	-0.10328656435012817	0.19147618114948273	0.03151940554380417	0.02391766384243965	0.0612589567899704
