name	size	msemean	msemedian	msestd	vsemean	vsemedian	vsestd	r2mean	r2median	r2std	pccmean	pccmedian	pccstd
/opt/program/datasets/mhc/HLA-DRB1*0101.txt	3494	0.013158892281353474	0.01319795660674572	0.0009812122443690896	0.05235741659998894	0.05366507172584534	0.007978450506925583	-0.027117107063531876	-0.03054368495941162	0.07695630192756653	0.26170724630355835	0.2851928472518921	0.056819573044776917
